time_s,freq_hz,note,snr
0.000,,,
0.010,,,
0.020,,,
0.030,,,
0.040,,,
0.050,123.82,B2,2664321347459074.0
0.060,123.82,B2,17584529420886972.0
0.070,123.82,B2,49819911854170904.0
0.080,123.82,B2,45705336935089144.0
0.090,123.82,B2,207648177288984864.0
0.100,123.82,B2,73980260034960752.0
0.110,121.12,B2,125597562592762576.0
0.120,121.12,B2,25494710692440852.0
0.130,121.12,B2,19084289904246776.0
0.140,121.12,B2,16884453223907818.0
0.150,123.82,B2,39703010486387608.0
0.160,123.82,B2,9113216915569876.0
0.170,123.82,B2,133692166603687760.0
0.180,123.82,B2,1323580101182673152.0
0.190,118.43,A#2,723571902984395776.0
0.200,113.05,A2,191594542082179840.0
0.210,113.05,A2,49789494631761544.0
0.220,113.05,A2,106413877386896496.0
0.229,110.36,A2,476281690329458240.0
0.239,107.67,A2,688845138095764224.0
0.249,107.67,A2,780589911835175296.0
0.259,107.67,A2,1009690859214527488.0
0.269,107.67,A2,499069236421792064.0
0.279,113.05,A2,238791883964123232.0
0.289,113.05,A2,927897508749824000.0
0.299,113.05,A2,2554180902005315072.0
0.309,113.05,A2,1143332954676435200.0
0.319,110.36,A2,13460035385956984832.0
0.329,110.36,A2,30800088145260007424.0
0.339,110.36,A2,13607052319195252736.0
0.349,110.36,A2,18986534479101100032.0
0.359,110.36,A2,24073926228548800512.0
0.369,110.36,A2,17914766414919696384.0
0.379,110.36,A2,29140865290040803328.0
0.389,113.05,A2,43151245118388019200.0
0.399,113.05,A2,87768662464576438272.0
0.409,115.74,A#2,17821566027502034944.0
0.419,118.43,A#2,221080233477073436672.0
0.429,121.12,B2,429301296676403609600.0
0.439,121.12,B2,319386572518990872576.0
0.449,123.82,B2,340162023613763944448.0
0.459,123.82,B2,92751627390819221504.0
0.469,123.82,B2,45943650467115712512.0
0.479,110.36,A2,9593925355240361984.0
0.489,110.36,A2,31567965336000610304.0
0.499,110.36,A2,44396565511044169728.0
0.509,123.82,B2,18056631297602158592.0
0.519,123.82,B2,42126100752038166528.0
0.529,123.82,B2,36332009298271797248.0
0.539,123.82,B2,183571611322058276864.0
0.549,123.82,B2,80028038216967995392.0
0.559,121.12,B2,30483603000752054272.0
0.569,110.36,A2,60974391170281857024.0
0.579,107.67,A2,31923880219128758272.0
0.589,110.36,A2,72273945614538104832.0
0.599,110.36,A2,104877953525130067968.0
0.609,107.67,A2,145385406784642252800.0
0.619,107.67,A2,136712935955380256768.0
0.629,107.67,A2,283510571371834802176.0
0.639,107.67,A2,89288693379613130752.0
0.649,107.67,A2,18143217012909180928.0
0.659,107.67,A2,50167171315280945152.0
0.668,107.67,A2,93889914947154231296.0
0.678,110.36,A2,53730009690984095744.0
0.688,110.36,A2,108072519978664443904.0
0.698,110.36,A2,152564849186946744320.0
0.708,110.36,A2,209211106882205384704.0
0.718,110.36,A2,134509837757261234176.0
0.728,104.97,G#2,33937084043914313728.0
0.738,104.97,G#2,9525285240547049472.0
0.748,104.97,G#2,7347046432149782528.0
0.758,104.97,G#2,3117935006953301504.0
0.768,96.90,G2,2885791189824092160.0
0.778,113.05,A2,12349578459423645696.0
0.788,113.05,A2,25080008445406515200.0
0.798,113.05,A2,43067096193207754752.0
0.808,121.12,B2,57889130150596460544.0
0.818,121.12,B2,217636942541687914496.0
0.828,123.82,B2,387744251884566347776.0
0.838,123.82,B2,245945071409385373696.0
0.848,123.82,B2,228313850270024204288.0
0.858,123.82,B2,100578761983559696384.0
0.868,123.82,B2,20901678232738942976.0
0.878,123.82,B2,28722491924934533120.0
0.888,123.82,B2,33036552649610006528.0
0.898,123.82,B2,30117729001077862400.0
0.908,123.82,B2,16034128414158489600.0
0.918,123.82,B2,10129342998084810752.0
0.928,123.82,B2,4508175519976500224.0
0.938,118.43,A#2,134358261240481153024.0
0.948,115.74,A#2,93807211159201153024.0
0.958,115.74,A#2,25736363561893515264.0
0.968,113.05,A2,49638336709511438336.0
0.978,113.05,A2,70399178185883648000.0
0.988,110.36,A2,126992629070398242816.0
0.998,110.36,A2,95521087963295481856.0
1.008,107.67,A2,104855332915181895680.0
1.018,104.97,G#2,197525022190688174080.0
1.028,104.97,G#2,131823605744903307264.0
1.038,107.67,A2,30650006335439925248.0
1.048,107.67,A2,2701376182148866048.0
1.058,107.67,A2,2645234051368316928.0
1.068,107.67,A2,5987629854693849088.0
1.078,107.67,A2,5150044336147645440.0
1.088,94.21,F#2,2151081074897036544.0
1.098,94.21,F#2,2066713570632089344.0
1.107,107.67,A2,1318341888759586048.0
1.117,107.67,A2,2507115851799287808.0
1.127,94.21,F#2,1667580331433923328.0
1.137,88.82,F2,70071015952748265472.0
1.147,88.82,F2,258248453689917571072.0
1.157,88.82,F2,159855530631768408064.0
1.167,123.82,B2,193559057267805388800.0
1.177,123.82,B2,204973604285230907392.0
1.187,123.82,B2,100665369507410919424.0
1.197,123.82,B2,94898741728226689024.0
1.207,123.82,B2,36471447627628773376.0
1.217,118.43,A#2,26493586520803250176.0
1.227,94.21,F#2,8392135641063208960.0
1.237,94.21,F#2,3807043179661430272.0
1.247,99.59,G2,1758390516981477888.0
1.257,94.21,F#2,1834744980412206336.0
1.267,94.21,F#2,1125621403273393024.0
1.277,94.21,F#2,2336143907405457408.0
1.287,94.21,F#2,373829025919465422848.0
1.297,91.52,F#2,3047673004556597329920.0
1.307,91.52,F#2,8300287356818738380800.0
1.317,91.52,F#2,116333406844239099199488.0
1.327,91.52,F#2,85740511249513702227968.0
1.337,91.52,F#2,41566649908947788496896.0
1.347,80.75,E2,89975662455518799069184.0
1.357,80.75,E2,121526041424789027946496.0
1.367,91.52,F#2,7657006318827149983744.0
1.377,94.21,F#2,14655035874329722093568.0
1.387,102.28,G#2,7784137447537547149312.0
1.397,102.28,G#2,13652701265969738153984.0
1.407,102.28,G#2,7752826045163583307776.0
1.417,102.28,G#2,2847124654300342517760.0
1.427,102.28,G#2,2015930842866968952832.0
1.437,102.28,G#2,2912454806084162420736.0
1.447,102.28,G#2,3034991129956636426240.0
1.457,102.28,G#2,1049254604144563453952.0
1.467,88.82,F2,1631355041625539608576.0
1.477,86.13,F2,657914998292966146048.0
1.487,86.13,F2,3079285070633175613440.0
1.497,83.44,E2,39178086411559728316416.0
1.507,83.44,E2,90510179197217495056384.0
1.517,83.44,E2,128493870882619383611392.0
1.527,83.44,E2,32615918039401907617792.0
1.537,83.44,E2,19542737435641178488832.0
1.546,94.21,F#2,28784702829181578248192.0
1.556,94.21,F#2,11853713341523181961216.0
1.566,94.21,F#2,3345313830256151887872.0
1.576,96.90,G2,9199470286949109989376.0
1.586,80.75,E2,5664832025439736168448.0
1.596,80.75,E2,5250269595676972154880.0
1.606,80.75,E2,7202776548277410070528.0
1.616,80.75,E2,4300749586597809750016.0
1.626,80.75,E2,9013237303375820750848.0
1.636,80.75,E2,8223553558075747074048.0
1.646,80.75,E2,5978241387427072573440.0
1.656,83.44,E2,7763733441577414033408.0
1.666,83.44,E2,5506788282283505745920.0
1.676,80.75,E2,4811916933560363122688.0
1.686,83.44,E2,1176294868791849123840.0
1.696,80.75,E2,2211109707685530959872.0
1.706,80.75,E2,2206597354714334756864.0
1.716,80.75,E2,4349183656440600985600.0
1.726,80.75,E2,2937515136700622831616.0
1.736,80.75,E2,1222759004855927308288.0
1.746,80.75,E2,2973893500856579391488.0
1.756,80.75,E2,366740672964692148224.0
1.766,80.75,E2,786795675033048186880.0
1.776,80.75,E2,712108639559027654656.0
1.786,80.75,E2,158626464017911644160.0
1.796,80.75,E2,191065700481482915840.0
1.806,80.75,E2,237098347596949848064.0
1.816,80.75,E2,182812757157783470080.0
1.826,80.75,E2,215230992502970613760.0
1.836,80.75,E2,109344771763732889600.0
1.846,80.75,E2,72917749159815864320.0
1.856,80.75,E2,148759344277866053632.0
1.866,80.75,E2,149004433507317645312.0
1.876,80.75,E2,459904553128262565888.0
1.886,80.75,E2,1599086803430188515328.0
1.896,80.75,E2,491947204214712696832.0
1.906,80.75,E2,863075808466159271936.0
1.916,80.75,E2,1220453817717151760384.0
1.926,88.82,F2,266417347692651839488.0
1.936,94.21,F#2,271099796459150835712.0
1.946,94.21,F#2,625231941520002646016.0
1.956,94.21,F#2,817071344577129086976.0
1.966,88.82,F2,2014970009836292407296.0
1.976,107.67,A2,2807780626040730681344.0
1.985,107.67,A2,3221455209903372107776.0
1.995,113.05,A2,3563295987314043912192.0
2.005,113.05,A2,1277164900484618911744.0
2.015,113.05,A2,726977015824627531776.0
2.025,113.05,A2,1350473139895884578816.0
2.035,107.67,A2,1198024586352849846272.0
2.045,107.67,A2,3435795999588307435520.0
2.055,113.05,A2,9562712742391040704512.0
2.065,118.43,A#2,31809352477687712579584.0
2.075,118.43,A#2,27134039415922402263040.0
2.085,118.43,A#2,9589007581784559321088.0
2.095,118.43,A#2,5234279557331300646912.0
2.105,115.74,A#2,1910699510718641209344.0
2.115,107.67,A2,1425589338234981974016.0
2.125,91.52,F#2,197606470337507033088.0
2.135,86.13,F2,61603816841276047360.0
2.145,80.75,E2,45493562420313006080.0
2.155,86.13,F2,52484747990816825344.0
2.165,80.75,E2,90329855276716195840.0
2.175,80.75,E2,34908470653061668864.0
2.185,107.67,A2,34531584093946310656.0
2.195,107.67,A2,68432592980241661952.0
2.205,80.75,E2,107872519032937676800.0
2.215,80.75,E2,156292453656584552448.0
2.225,80.75,E2,126367592940466225152.0
2.235,80.75,E2,87819055407589687296.0
2.245,80.75,E2,97983656759379984384.0
2.255,80.75,E2,310154773276008513536.0
2.265,80.75,E2,484525422196911898624.0
2.275,80.75,E2,543110551483390951424.0
2.285,104.97,G#2,1210880390629108744192.0
2.295,104.97,G#2,1678224781046344318976.0
2.305,104.97,G#2,2320948623553513127936.0
2.315,104.97,G#2,2406846386673301848064.0
2.325,80.75,E2,3348423393760900546560.0
2.335,80.75,E2,1935222713930608017408.0
2.345,80.75,E2,1076845883416865669120.0
2.355,80.75,E2,586243737695081857024.0
2.365,80.75,E2,264495236631326228480.0
2.375,80.75,E2,568584449474870378496.0
2.385,80.75,E2,915531603035404894208.0
2.395,80.75,E2,910915918325767340032.0
2.405,80.75,E2,643064906410708434944.0
2.415,80.75,E2,515541818934424436736.0
2.424,80.75,E2,444163331129472581632.0
2.434,80.75,E2,344235838119543439360.0
2.444,80.75,E2,287481489797260541952.0
2.454,80.75,E2,573608630694076022784.0
2.464,80.75,E2,990205502033471340544.0
2.474,80.75,E2,603387343865953779712.0
2.484,80.75,E2,714125473118232772608.0
2.494,80.75,E2,669455576361652715520.0
2.504,80.75,E2,684405805186558066688.0
2.514,80.75,E2,545750443855914729472.0
2.524,80.75,E2,455191401948122972160.0
2.534,80.75,E2,515418617221304156160.0
2.544,80.75,E2,643754981983445319680.0
2.554,80.75,E2,587534403022477066240.0
2.564,80.75,E2,682473214484206845952.0
2.574,80.75,E2,698105803150175633408.0
2.584,80.75,E2,514509324704489799680.0
2.594,80.75,E2,565368156821741371392.0
2.604,80.75,E2,1331050704931961438208.0
2.614,83.44,E2,6560998981652734541824.0
2.624,83.44,E2,202626516034452233125888.0
2.634,88.82,F2,493130885935173409439744.0
2.644,88.82,F2,182956868540597060763648.0
2.654,88.82,F2,79039781834941672718336.0
2.664,88.82,F2,130340162539040798670848.0
2.674,91.52,F#2,21614477518885571526656.0
2.684,91.52,F#2,2098947877084898525184.0
2.694,91.52,F#2,6524873705317707284480.0
2.704,91.52,F#2,12096734286035132874752.0
2.714,91.52,F#2,9951508341751774445568.0
2.724,91.52,F#2,3449260797568322371584.0
2.734,91.52,F#2,3287701723281414946816.0
2.744,91.52,F#2,5481345771836388933632.0
2.754,91.52,F#2,3904253031190628401152.0
2.764,94.21,F#2,10295477537792493355008.0
2.774,91.52,F#2,9147781486611711131648.0
2.784,91.52,F#2,2673087165298871107584.0
2.794,91.52,F#2,2685490634378996350976.0
2.804,91.52,F#2,3225637020358334218240.0
2.814,80.75,E2,6598791403548633464832.0
2.824,83.44,E2,11317139721033718169600.0
2.834,83.44,E2,1888003265898685661184.0
2.844,83.44,E2,601501817952788938752.0
2.854,83.44,E2,3488956897040124084224.0
2.863,83.44,E2,9151721523432599322624.0
2.873,83.44,E2,2629205489077917319168.0
2.883,80.75,E2,8813405848904645214208.0
2.893,80.75,E2,7588489114247577468928.0
2.903,80.75,E2,4481152360737238679552.0
2.913,80.75,E2,8564680637370703282176.0
2.923,80.75,E2,4578988916523673321472.0
2.933,80.75,E2,8362914669948054798336.0
2.943,80.75,E2,7614290372056483627008.0
2.953,80.75,E2,3138437235219459735552.0
2.963,80.75,E2,10757224501911708762112.0
2.973,80.75,E2,12186175781829750030336.0
2.983,80.75,E2,10403838075395966500864.0
2.993,80.75,E2,26720876395856280944640.0
3.003,80.75,E2,8879632128054299459584.0
3.013,91.52,F#2,3365499023950964326400.0
3.023,91.52,F#2,2058075303740728672256.0
3.033,91.52,F#2,719695521038411366400.0
3.043,80.75,E2,4730599820485166366720.0
3.053,80.75,E2,6943138128250685882368.0
3.063,80.75,E2,19503925124940286656512.0
3.073,80.75,E2,9933921708389489967104.0
3.083,80.75,E2,3274914755159439441920.0
3.093,80.75,E2,749923453116107456512.0
3.103,80.75,E2,1369880875962895958016.0
3.113,80.75,E2,1577418602778396721152.0
3.123,80.75,E2,4159531682805934718976.0
3.133,123.82,B2,9964062184622904049664.0
3.143,123.82,B2,15655560824275855212544.0
3.153,123.82,B2,13982858680659225870336.0
3.163,123.82,B2,9796628221529117687808.0
3.173,123.82,B2,4566309514963406290944.0
3.183,96.90,G2,37927921096230799671296.0
3.193,86.13,F2,227317919784824855330816.0
3.203,86.13,F2,158325997049717438021632.0
3.213,86.13,F2,30638166684999188742144.0
3.223,88.82,F2,15311315209993641263104.0
3.233,88.82,F2,14360838564157694410752.0
3.243,88.82,F2,13129299597959763066880.0
3.253,88.82,F2,8784714776685512228864.0
3.263,88.82,F2,2363874530010271842304.0
3.273,86.13,F2,983569357379082518528.0
3.283,88.82,F2,894065076697627754496.0
3.293,91.52,F#2,1033076925881789054976.0
3.302,91.52,F#2,2288841779460713218048.0
3.312,91.52,F#2,700940218609788911616.0
3.322,94.21,F#2,1291440139328549289984.0
3.332,94.21,F#2,2335426570607316434944.0
3.342,94.21,F#2,1763025618186912399360.0
3.352,94.21,F#2,931843005826446786560.0
3.362,94.21,F#2,1915892058810470629376.0
3.372,94.21,F#2,8254410102891432902656.0
3.382,88.82,F2,8564194538651504345088.0
3.392,88.82,F2,4273140634310704365568.0
3.402,91.52,F#2,9014856941924600774656.0
3.412,91.52,F#2,13171154207839401017344.0
3.422,94.21,F#2,4199758206977109393408.0
3.432,94.21,F#2,2028224138046838669312.0
3.442,94.21,F#2,5926436911867772272640.0
3.452,94.21,F#2,6047529393934836957184.0
3.462,94.21,F#2,8860206276564341489664.0
3.472,94.21,F#2,1702320631494380879872.0
3.482,94.21,F#2,7199764055360810254336.0
3.492,94.21,F#2,7955967765163632754688.0
3.502,94.21,F#2,2402883872708078075904.0
3.512,94.21,F#2,5718802907120919379968.0
3.522,94.21,F#2,1516466248465409376256.0
3.532,94.21,F#2,2990277197329984389120.0
3.542,104.97,G#2,4785789501447896825856.0
3.552,104.97,G#2,9283356669969482907648.0
3.562,91.52,F#2,10066839424145893097472.0
3.572,91.52,F#2,5539710996055037313024.0
3.582,91.52,F#2,1061403303365554995200.0
3.592,91.52,F#2,719528920396576718848.0
3.602,91.52,F#2,604596462535888732160.0
3.612,91.52,F#2,1520952788813840908288.0
3.622,91.52,F#2,565071833699834724352.0
3.632,91.52,F#2,816082156131182051328.0
3.642,91.52,F#2,713255236983984750592.0
3.652,91.52,F#2,1857096939219214401536.0
3.662,94.21,F#2,2070912258000407232512.0
3.672,94.21,F#2,1657653066178188279808.0
3.682,94.21,F#2,1075535736323262382080.0
3.692,94.21,F#2,1090776896755951992832.0
3.702,91.52,F#2,491584823472343220224.0
3.712,91.52,F#2,567613828022853435392.0
3.722,94.21,F#2,399914414167803297792.0
3.732,94.21,F#2,421148637261642203136.0
3.741,94.21,F#2,740123961780869005312.0
3.751,94.21,F#2,1001921163070954274816.0
3.761,94.21,F#2,187910695113570320384.0
3.771,94.21,F#2,404868847095156899840.0
3.781,94.21,F#2,758703467647186239488.0
3.791,91.52,F#2,282068300210924388352.0
3.801,91.52,F#2,413468223553455587328.0
3.811,80.75,E2,387270179855193473024.0
3.821,80.75,E2,281196252429943046144.0
3.831,80.75,E2,366179624854122332160.0
3.841,80.75,E2,229767855717920342016.0
3.851,80.75,E2,79950470561961328640.0
3.861,80.75,E2,164427957032260796416.0
3.871,80.75,E2,528137427458147090432.0
3.881,80.75,E2,112386024955030552576.0
3.891,80.75,E2,238140161162155163648.0
3.901,80.75,E2,840798888796581134336.0
3.911,80.75,E2,740185403643683930112.0
3.921,80.75,E2,465517549189708709888.0
3.931,80.75,E2,356259934441810952192.0
3.941,80.75,E2,1046949764559267692544.0
3.951,83.44,E2,866688753111399923712.0
3.961,83.44,E2,929052838286598340608.0
3.971,83.44,E2,526059525235969818624.0
3.981,83.44,E2,814094463249880055808.0
3.991,83.44,E2,438127938689956052992.0
4.001,83.44,E2,267767835146778705920.0
4.011,83.44,E2,415357620932153573376.0
4.021,94.21,F#2,590544286427719270400.0
4.031,94.21,F#2,1159363633148899622912.0
4.041,94.21,F#2,769557332185351979008.0
4.051,94.21,F#2,899863535097672237056.0
4.061,94.21,F#2,865570653258866491392.0
4.071,94.21,F#2,1536305331774512955392.0
4.081,94.21,F#2,2287806796542096179200.0
4.091,94.21,F#2,1656148060297929162752.0
4.101,94.21,F#2,867728734722656043008.0
4.111,94.21,F#2,992683514070094577664.0
4.121,88.82,F2,1083221011513555681280.0
4.131,83.44,E2,663139830419764805632.0
4.141,83.44,E2,810760842454879174656.0
4.151,83.44,E2,717939087569383718912.0
4.161,80.75,E2,472355018351925788672.0
4.171,80.75,E2,472469513444020125696.0
4.180,80.75,E2,429088304255643090944.0
4.190,80.75,E2,401861083903046975488.0
4.200,80.75,E2,159400079151804579840.0
4.210,83.44,E2,250328970993640275968.0
4.220,83.44,E2,575435085898303995904.0
4.230,80.75,E2,753934228468756381696.0
4.240,96.90,G2,765839172142563196928.0
4.250,80.75,E2,676290647249709432832.0
4.260,80.75,E2,496345241928039333888.0
4.270,80.75,E2,318972097438470373376.0
4.280,88.82,F2,241634609555819397120.0
4.290,83.44,E2,541936640368155492352.0
4.300,83.44,E2,2722629175884547358720.0
4.310,83.44,E2,128804890352302893826048.0
4.320,83.44,E2,310904228189340350545920.0
4.330,83.44,E2,211466593925443889397760.0
4.340,94.21,F#2,45985535251777245413376.0
4.350,94.21,F#2,53606369960171262705664.0
4.360,94.21,F#2,91496182008484393385984.0
4.370,94.21,F#2,32284841650066401787904.0
4.380,94.21,F#2,90396823865281340243968.0
4.390,91.52,F#2,33060762127005980295168.0
4.400,88.82,F2,26297958417490746802176.0
4.410,88.82,F2,12080630483205293604864.0
4.420,88.82,F2,14504715164925613309952.0
4.430,91.52,F#2,6020712384315980251136.0
4.440,91.52,F#2,6731147331496397766656.0
4.450,91.52,F#2,4358862992006875971584.0
4.460,91.52,F#2,4762740293814277111808.0
4.470,91.52,F#2,2200672379967944785920.0
4.480,91.52,F#2,1022305948554688462848.0
4.490,91.52,F#2,10215162545050285506560.0
4.500,91.52,F#2,162352115773952403439616.0
4.510,86.13,F2,54279604080703508054016.0
4.520,88.82,F2,54534874147445295546368.0
4.530,88.82,F2,79465745597437086531584.0
4.540,88.82,F2,33142694846830380843008.0
4.550,88.82,F2,32955762178033727832064.0
4.560,94.21,F#2,3060878811442173706240.0
4.570,94.21,F#2,22584433162042227032064.0
4.580,94.21,F#2,49454718294850323611648.0
4.590,94.21,F#2,30825211538816286851072.0
4.600,94.21,F#2,12252431230381064192000.0
4.610,94.21,F#2,12326137036062597316608.0
4.620,94.21,F#2,17315942570654743658496.0
4.629,94.21,F#2,10670798205440885784576.0
4.639,94.21,F#2,8059450183814565855232.0
4.649,94.21,F#2,9494006213113649561600.0
4.659,94.21,F#2,4778631302616745771008.0
4.669,91.52,F#2,475216801910355329024.0
4.679,88.82,F2,1276441444739973382144.0
4.689,80.75,E2,4930446118395550105600.0
4.699,80.75,E2,5035538033329202790400.0
4.709,80.75,E2,1632381155666604064768.0
4.719,80.75,E2,8642411672157294690304.0
4.729,80.75,E2,3883798965936122232832.0
4.739,80.75,E2,8186256114661878398976.0
4.749,80.75,E2,1620543358931487424512.0
4.759,121.12,B2,817186253593223233536.0
4.769,121.12,B2,2341627187715564371968.0
4.779,123.82,B2,2098474736177180835840.0
4.789,121.12,B2,1852498623851225153536.0
4.799,121.12,B2,3168765378810614906880.0
4.809,121.12,B2,2237365200286113857536.0
4.819,104.97,G#2,1813840353939417726976.0
4.829,102.28,G#2,3728537511278678114304.0
4.839,102.28,G#2,3720830966309065326592.0
4.849,102.28,G#2,2162649061871553347584.0
4.859,102.28,G#2,2690043162447889039360.0
4.869,102.28,G#2,6990304257853694672896.0
4.879,80.75,E2,2511779763131003174912.0
4.889,80.75,E2,5192464375997733535744.0
4.899,83.44,E2,1970498599628243468288.0
4.909,83.44,E2,2103061216093505060864.0
4.919,88.82,F2,3006454053977629655040.0
4.929,88.82,F2,5536728399556598824960.0
4.939,88.82,F2,4161836232545140736000.0
4.949,88.82,F2,9559144246173405020160.0
4.959,88.82,F2,8613755424445336387584.0
4.969,88.82,F2,8610954466913082671104.0
4.979,88.82,F2,7872287239523290578944.0
4.989,88.82,F2,9966054265846562291712.0
4.999,88.82,F2,7656167235795957055488.0
5.009,88.82,F2,9041321903276486033408.0
5.019,88.82,F2,7632304439622644006912.0
5.029,88.82,F2,8659741694125438664704.0
5.039,88.82,F2,10184057331416460951552.0
5.049,94.21,F#2,17567773255361334607872.0
5.059,83.44,E2,9178408156215707172864.0
5.068,94.21,F#2,8860474687578308608000.0
5.078,96.90,G2,1412592477469332209664.0
5.088,104.97,G#2,1140261508269299073024.0
5.098,104.97,G#2,1533782773285500747776.0
5.108,104.97,G#2,170993341906620088320.0
5.118,102.28,G#2,193087960233196519424.0
5.128,102.28,G#2,414079712531204145152.0
5.138,99.59,G2,1408179130994876743680.0
5.148,102.28,G#2,937698393623014146048.0
5.158,91.52,F#2,367931029729766735872.0
5.168,104.97,G#2,253822950191024963584.0
5.178,102.28,G#2,226269612876915671040.0
5.188,102.28,G#2,540603854007551787008.0
5.198,102.28,G#2,443497779632062267392.0
5.208,102.28,G#2,663719829350306676736.0
5.218,102.28,G#2,892581416636524789760.0
5.228,102.28,G#2,451327760228394598400.0
5.238,102.28,G#2,441138734620399108096.0
5.248,102.28,G#2,292964945294841151488.0
5.258,102.28,G#2,297044829070911799296.0
5.268,107.67,A2,302869576399462531072.0
5.278,110.36,A2,265966934811762065408.0
5.288,110.36,A2,795770236403580141568.0
5.298,113.05,A2,321799395310576402432.0
5.308,115.74,A#2,209838806204249079808.0
5.318,118.43,A#2,325756194380777979904.0
5.328,118.43,A#2,418261422697057091584.0
5.338,118.43,A#2,393755117044686848000.0
5.348,83.44,E2,623658691321336299520.0
5.358,83.44,E2,195609411470797111296.0
5.368,83.44,E2,83095054236243935232.0
5.378,94.21,F#2,211376146627059023872.0
5.388,96.90,G2,180287952980687486976.0
5.398,96.90,G2,269075545122157756416.0
5.408,96.90,G2,256070438891877466112.0
5.418,96.90,G2,283258437116354723840.0
5.428,96.90,G2,138649867496686551040.0
5.438,96.90,G2,317332448254242455552.0
5.448,96.90,G2,196635789071907848192.0
5.458,96.90,G2,270296563236155686912.0
5.468,96.90,G2,72571742203913666560.0
5.478,96.90,G2,176932029182502797312.0
5.488,118.43,A#2,488557198783949438976.0
5.498,118.43,A#2,191409375729810407424.0
5.507,118.43,A#2,256459326920485044224.0
5.517,118.43,A#2,311800620513944076288.0
5.527,118.43,A#2,457679225691900215296.0
5.537,102.28,G#2,193376640244979007488.0
5.547,102.28,G#2,386584242839864999936.0
5.557,102.28,G#2,188854257890645475328.0
5.567,96.90,G2,142662571427267313664.0
5.577,91.52,F#2,208411156901609865216.0
5.587,96.90,G2,243181198652636233728.0
5.597,96.90,G2,205142261070851833856.0
5.607,102.28,G#2,1071657143641026723840.0
5.617,102.28,G#2,60080581002440669659136.0
5.627,102.28,G#2,566815316770293624602624.0
5.637,99.59,G2,439319455263570352144384.0
5.647,99.59,G2,144390673017739067523072.0
5.657,99.59,G2,101742749985864717172736.0
5.667,99.59,G2,57399286627511209820160.0
5.677,96.90,G2,30735850746209347043328.0
5.687,88.82,F2,7986748965104790798336.0
5.697,86.13,F2,6662869451327177490432.0
5.707,86.13,F2,9218213214857680912384.0
5.717,88.82,F2,7841826875377765580800.0
5.727,88.82,F2,5482773810568407023616.0
5.737,91.52,F#2,13229793849181187604480.0
5.747,91.52,F#2,912134062980322426880.0
5.757,91.52,F#2,2265345623376989519872.0
5.767,88.82,F2,2487821334713478414336.0
5.777,91.52,F#2,636103341581954973696.0
5.787,91.52,F#2,637275217963191762944.0
5.797,86.13,F2,2534175511977740206080.0
5.807,88.82,F2,2610157225498010714112.0
5.817,88.82,F2,4848634369132497731584.0
5.827,86.13,F2,973475550354012504064.0
5.837,83.44,E2,9232159316522346479616.0
5.847,86.13,F2,7084046898023595245568.0
5.857,86.13,F2,4628474087008915947520.0
5.867,86.13,F2,15169603840974870544384.0
5.877,83.44,E2,12920175562643958923264.0
5.887,86.13,F2,10341436584265208823808.0
5.897,83.44,E2,29343061551811347349504.0
5.907,83.44,E2,25995503049973923053568.0
5.917,83.44,E2,22636054897708436029440.0
5.927,83.44,E2,30585429375512108597248.0
5.937,83.44,E2,9690460638294067642368.0
5.946,83.44,E2,7275513062517259632640.0
5.956,83.44,E2,4702449606185004826624.0
5.966,83.44,E2,1658901938272171720704.0
5.976,88.82,F2,2490153027707734589440.0
5.986,88.82,F2,5273283443711048417280.0
5.996,86.13,F2,5393277533327162605568.0
6.006,86.13,F2,11128129401659544567808.0
6.016,86.13,F2,10922699679239889747968.0
6.026,86.13,F2,2900675386715414724608.0
6.036,86.13,F2,1174882437856730677248.0
6.046,83.44,E2,3171801285571711598592.0
6.056,83.44,E2,2064653645143414407168.0
6.066,80.75,E2,2039483786765738180608.0
6.076,83.44,E2,4003992516791612473344.0
6.086,80.75,E2,909757641560420646912.0
6.096,83.44,E2,1938603022226752536576.0
6.106,80.75,E2,2137745968369799266304.0
6.116,83.44,E2,1211369496890726416384.0
6.126,80.75,E2,3078805592790124199936.0
6.136,80.75,E2,696030947736160305152.0
6.146,80.75,E2,5712735547946324459520.0
6.156,86.13,F2,3360328470523051245568.0
6.166,80.75,E2,3749369634813260595200.0
6.176,86.13,F2,8990180694828993478656.0
6.186,88.82,F2,216443419366572238569472.0
6.196,102.28,G#2,193031152568602271416320.0
6.206,102.28,G#2,59458003537610282106880.0
6.216,102.28,G#2,47107776491994327547904.0
6.226,86.13,F2,49352250401301091844096.0
6.236,83.44,E2,9200750943945801859072.0
6.246,83.44,E2,4544401362618385694720.0
6.256,83.44,E2,29002792560949295316992.0
6.266,83.44,E2,6447465810768693297152.0
6.276,83.44,E2,5234478612240785211392.0
6.286,91.52,F#2,2290134428396364759040.0
6.296,91.52,F#2,2781390425531492073472.0
6.306,96.90,G2,2389558727872176717824.0
6.316,91.52,F#2,1305195940210136580096.0
6.326,91.52,F#2,2217469194317653868544.0
6.336,80.75,E2,1566126045003433902080.0
6.346,80.75,E2,4363853148640254099456.0
6.356,80.75,E2,2940137071707944910848.0
6.366,80.75,E2,2414994225434999128064.0
6.376,80.75,E2,1516390161961463840768.0
6.385,80.75,E2,3287787746987148312576.0
6.395,80.75,E2,2410084671968801456128.0
6.405,80.75,E2,1091416112306980913152.0
6.415,80.75,E2,1707114387377914904576.0
6.425,80.75,E2,5681356940257608597504.0
6.435,104.97,G#2,1314046344451909222400.0
6.445,86.13,F2,785929953936593649664.0
6.455,86.13,F2,283836041828534681600.0
6.465,86.13,F2,193287767669990424576.0
6.475,83.44,E2,139432813505336623104.0
6.485,83.44,E2,198486048255629557760.0
6.495,83.44,E2,285595643625132916736.0
6.505,86.13,F2,154280730051200614400.0
6.515,86.13,F2,114167731703793975296.0
6.525,86.13,F2,77937116317144711168.0
6.535,86.13,F2,518514345575899201536.0
6.545,86.13,F2,1404492352352368197632.0
6.555,88.82,F2,23208448947905573683200.0
6.565,88.82,F2,10526183427634007900160.0
6.575,88.82,F2,2516259082955892195328.0
6.585,91.52,F#2,12209381750472253112320.0
6.595,83.44,E2,16562912194199843504128.0
6.605,80.75,E2,5133938709273506742272.0
6.615,80.75,E2,16276207353662218960896.0
6.625,80.75,E2,13474834360297018359808.0
6.635,80.75,E2,26542137012340108820480.0
6.645,80.75,E2,13802212726551976345600.0
6.655,80.75,E2,21748238209496071012352.0
6.665,83.44,E2,6473258631213296386048.0
6.675,83.44,E2,7875656620911597977600.0
6.685,83.44,E2,5779467352483374825472.0
6.695,83.44,E2,8869590625768537325568.0
6.705,83.44,E2,7419522031800548327424.0
6.715,83.44,E2,7617086479331360768000.0
6.725,80.75,E2,4178211009261505347584.0
6.735,80.75,E2,2140231796149427109888.0
6.745,83.44,E2,1383047406554865205248.0
6.755,83.44,E2,169823138575703441408.0
6.765,83.44,E2,160204275159178051584.0
6.775,86.13,F2,490050822023333412864.0
6.785,107.67,A2,639314131167489556480.0
6.795,107.67,A2,156286359382868262912.0
6.805,107.67,A2,171597386438942425088.0
6.815,91.52,F#2,210053993179416723456.0
6.824,88.82,F2,56559023049633677312.0
6.834,88.82,F2,196941170068044382208.0
6.844,88.82,F2,352125239369136406528.0
6.854,88.82,F2,342267035484221603840.0
6.864,91.52,F#2,338195899721037840384.0
6.874,91.52,F#2,264658935498146021376.0
6.884,94.21,F#2,322015068126743298048.0
6.894,123.82,B2,223205660280043503616.0
6.904,107.67,A2,155681105037611532288.0
6.914,94.21,F#2,251412453238205874176.0
6.924,94.21,F#2,165160235437207945216.0
6.934,107.67,A2,140900719935318802432.0
6.944,107.67,A2,317936753836949831680.0
6.954,107.67,A2,709094374348388040704.0
6.964,110.36,A2,2194663997927747747840.0
6.974,110.36,A2,2142603711067422195712.0
6.984,110.36,A2,1240174462765161512960.0
6.994,110.36,A2,737180931800087527424.0
7.004,110.36,A2,236833297215739232256.0
7.014,113.05,A2,267814014395457634304.0
7.024,113.05,A2,302865216690800492544.0
7.034,91.52,F#2,175055946442796302336.0
7.044,91.52,F#2,233159501395057934336.0
7.054,91.52,F#2,442429581158368411648.0
7.064,91.52,F#2,789869260831683641344.0
7.074,91.52,F#2,178060696390178766848.0
7.084,91.52,F#2,241993013088052969472.0
7.094,88.82,F2,381473053982497308672.0
7.104,88.82,F2,353365577276422488064.0
7.114,88.82,F2,443319516423410417664.0
7.124,88.82,F2,191039265228180979712.0
7.134,91.52,F#2,254667508734040506368.0
7.144,94.21,F#2,180679742263831101440.0
7.154,94.21,F#2,264367490186765762560.0
7.164,121.12,B2,798622653897352019968.0
7.174,121.12,B2,2909312824875400298496.0
7.184,121.12,B2,6600924418181182783488.0
7.194,121.12,B2,2882838278786517565440.0
7.204,123.82,B2,729844242962067226624.0
7.214,123.82,B2,628243269351946321920.0
7.224,123.82,B2,251923688920820056064.0
7.234,123.82,B2,514697272373653929984.0
7.244,110.36,A2,254685208044806242304.0
7.254,110.36,A2,344270526371562192896.0
7.263,110.36,A2,366075759547144404992.0
7.273,110.36,A2,480390798933610070016.0
7.283,110.36,A2,1653893667191999168512.0
7.293,110.36,A2,2044309912833549926400.0
7.303,110.36,A2,26174520028583977549824.0
7.313,104.97,G#2,317081475284094989369344.0
7.323,88.82,F2,196416742579376083697664.0
7.333,86.13,F2,103215093916463284617216.0
7.343,88.82,F2,31691269244039850885120.0
7.353,88.82,F2,45140385505474519236608.0
7.363,104.97,G#2,13642975659392405340160.0
7.373,104.97,G#2,22540384647187622002688.0
7.383,104.97,G#2,34199558295767920672768.0
7.393,104.97,G#2,26055241937909450801152.0
7.403,104.97,G#2,12663673532657998757888.0
7.413,104.97,G#2,18313309463964278587392.0
7.423,104.97,G#2,10844994966463858081792.0
7.433,104.97,G#2,12106157023256559747072.0
7.443,104.97,G#2,14412743653349298012160.0
7.453,104.97,G#2,13518320537327986802688.0
7.463,104.97,G#2,11347037792614966362112.0
7.473,102.28,G#2,7610458817456222765056.0
7.483,96.90,G2,6647172836946710888448.0
7.493,80.75,E2,69523289812122237665280.0
7.503,80.75,E2,176893230371849373745152.0
7.513,80.75,E2,231042868727289397379072.0
7.523,80.75,E2,65032553554747657814016.0
7.533,102.28,G#2,40313828725687752589312.0
7.543,104.97,G#2,33758375812262235471872.0
7.553,104.97,G#2,13296158650984269086720.0
7.563,104.97,G#2,13980685272729576800256.0
7.573,104.97,G#2,5456246985563873214464.0
7.583,102.28,G#2,6862039881604293197824.0
7.593,102.28,G#2,5678790591869901340672.0
7.603,102.28,G#2,11097110990669234569216.0
7.613,102.28,G#2,21746983201215279529984.0
7.623,102.28,G#2,20650072125131561369600.0
7.633,80.75,E2,21737864147035190460416.0
7.643,80.75,E2,7913460914416525508608.0
7.653,80.75,E2,5563454553958103646208.0
7.663,80.75,E2,5455687455690906927104.0
7.673,102.28,G#2,5198355218052849598464.0
7.683,104.97,G#2,4708180017978546323456.0
7.693,104.97,G#2,5120412496104849932288.0
7.702,102.28,G#2,1613654805261187547136.0
7.712,99.59,G2,761809328301439057920.0
7.722,99.59,G2,688495286462161879040.0
7.732,83.44,E2,913430259198545494016.0
7.742,83.44,E2,288505005414259458048.0
7.752,121.12,B2,165083424830077403136.0
7.762,121.12,B2,201061704334125203456.0
7.772,113.05,A2,369083903831222779904.0
7.782,118.43,A#2,552762202950471581696.0
7.792,113.05,A2,265906758331256504320.0
7.802,104.97,G#2,570574155933970071552.0
7.812,86.13,F2,1224666979452062793728.0
7.822,102.28,G#2,302598363005037510656.0
7.832,80.75,E2,266481276037280661504.0
7.842,102.28,G#2,281907606440574550016.0
7.852,86.13,F2,2626575403107396091904.0
7.862,86.13,F2,1153396620110242250752.0
7.872,80.75,E2,3388822488776185479168.0
7.882,80.75,E2,2685787799642242023424.0
7.892,80.75,E2,9798718445037224460288.0
7.902,80.75,E2,11972428575075941220352.0
7.912,107.67,A2,5373218856058777239552.0
7.922,107.67,A2,6977101466277830983680.0
7.932,107.67,A2,5252711322894470217728.0
7.942,104.97,G#2,6256221505845306851328.0
7.952,104.97,G#2,7219075535126522757120.0
7.962,104.97,G#2,6760011135668452327424.0
7.972,104.97,G#2,9150342878472098021376.0
7.982,104.97,G#2,11600123600102263619584.0
7.992,104.97,G#2,11648062010747420409856.0
8.002,107.67,A2,9144732909525027258368.0
8.012,107.67,A2,13160118555537974493184.0
8.022,107.67,A2,11269247660465844125696.0
8.032,107.67,A2,8724026749465042878464.0
8.042,107.67,A2,12034294263814975127552.0
8.052,99.59,G2,15208759207274162946048.0
8.062,99.59,G2,32679877697654363258880.0
8.072,96.90,G2,24393940523516539437056.0
8.082,96.90,G2,7238902239811665395712.0
8.092,96.90,G2,3249388753167265038336.0
8.102,96.90,G2,9399956068534261383168.0
8.112,80.75,E2,13213333527057940873216.0
8.122,80.75,E2,8395972476926800429056.0
8.132,80.75,E2,7998113150931350585344.0
8.141,80.75,E2,5292547562292571537408.0
8.151,80.75,E2,5620855399469916618752.0
8.161,80.75,E2,1422818807968378126336.0
8.171,80.75,E2,7956072669209939673088.0
8.181,80.75,E2,6253745760996009443328.0
8.191,80.75,E2,11912214586003722076160.0
8.201,80.75,E2,13663707840001020526592.0
8.211,80.75,E2,23766936843321159450624.0
8.221,80.75,E2,7944921406303332466688.0
8.231,80.75,E2,12921993305570509062144.0
8.241,80.75,E2,15325237998432225853440.0
8.251,80.75,E2,13381532808440591679488.0
8.261,80.75,E2,1675719559919082143744.0
8.271,80.75,E2,1636282199026877857792.0
8.281,86.13,F2,3398936409643003936768.0
8.291,80.75,E2,2803813003898536853504.0
8.301,80.75,E2,667238231827150012416.0
8.311,80.75,E2,2825669525461950005248.0
8.321,80.75,E2,2674401520392738963456.0
8.331,80.75,E2,347939995485692690432.0
8.341,80.75,E2,485011558133252489216.0
8.351,80.75,E2,533168838577051074560.0
8.361,80.75,E2,763631423223758716928.0
8.371,80.75,E2,257845348328696086528.0
8.381,80.75,E2,547870123086988247040.0
8.391,107.67,A2,717873816480799916032.0
8.401,107.67,A2,285928942838971793408.0
8.411,107.67,A2,386718253609071607808.0
8.421,80.75,E2,561896918163672530944.0
8.431,80.75,E2,295292156617973694464.0
8.441,80.75,E2,350407488758341566464.0
8.451,80.75,E2,117195226755450634240.0
8.461,80.75,E2,64077293160737677312.0
8.471,80.75,E2,160587681601061879808.0
8.481,80.75,E2,57439361519079161856.0
8.491,80.75,E2,128041902644961394688.0
8.501,80.75,E2,124050102537194815488.0
8.511,80.75,E2,66654489891520880640.0
8.521,80.75,E2,86781043706689781760.0
8.531,80.75,E2,431444857224795521024.0
8.541,80.75,E2,321662501699460792320.0
8.551,80.75,E2,536238286824379973632.0
8.561,80.75,E2,332649153799871135744.0
8.571,80.75,E2,166127459763936165888.0
8.580,80.75,E2,220930061208559386624.0
8.590,80.75,E2,584660673778580127744.0
8.600,80.75,E2,353256665549491994624.0
8.610,80.75,E2,21559982050029844037632.0
8.620,80.75,E2,306786623478299984134144.0
8.630,91.52,F#2,175984357140869414912000.0
8.640,94.21,F#2,28878407496167921287168.0
8.650,99.59,G2,29924458921177405980672.0
8.660,99.59,G2,20898230952782691565568.0
8.670,107.67,A2,11799287504630641065984.0
8.680,107.67,A2,9327753861242842775552.0
8.690,107.67,A2,12854698173061148966912.0
8.700,107.67,A2,18519664357367869341696.0
8.710,107.67,A2,6099886433309507452928.0
8.720,104.97,G#2,5298315256823919149056.0
8.730,104.97,G#2,5880922255153492393984.0
8.740,104.97,G#2,6708059511764259176448.0
8.750,102.28,G#2,5060094713996572098560.0
8.760,102.28,G#2,3845582981892404674560.0
8.770,94.21,F#2,5087796574269689823232.0
8.780,88.82,F2,4522079615881353101312.0
8.790,86.13,F2,2155380341375635816448.0
8.800,86.13,F2,14483933925204754956288.0
8.810,86.13,F2,14156465218599218315264.0
8.820,91.52,F#2,11714741345266369036288.0
8.830,121.12,B2,7702860445553862377472.0
8.840,121.12,B2,26649763664729120702464.0
8.850,121.12,B2,22175246510979966566400.0
8.860,121.12,B2,15325112376856158404608.0
8.870,121.12,B2,12461333103306512269312.0
8.880,123.82,B2,13426545361237644935168.0
8.890,123.82,B2,5786922267880511766528.0
8.900,123.82,B2,1896909662416618389504.0
8.910,123.82,B2,1137872334087657095168.0
8.920,123.82,B2,3877189774781279895552.0
8.930,80.75,E2,2711550652456955805696.0
8.940,80.75,E2,3034951372152402608128.0
8.950,123.82,B2,4330001530706442846208.0
8.960,123.82,B2,1613038119929476284416.0
8.970,123.82,B2,1268897751145862135808.0
8.980,123.82,B2,1630625633443692937216.0
8.990,123.82,B2,2054172068587456954368.0
9.000,123.82,B2,1283644139984897966080.0
9.010,88.82,F2,1773180983740930457600.0
9.020,88.82,F2,2369754128727357784064.0
9.029,88.82,F2,3575822951581318381568.0
9.039,123.82,B2,16803803149562363772928.0
9.049,123.82,B2,26610162172765904306176.0
9.059,123.82,B2,21704042577214903943168.0
9.069,118.43,A#2,10140933751689562816512.0
9.079,118.43,A#2,1224057817542601998336.0
9.089,80.75,E2,1989503169801492627456.0
9.099,80.75,E2,3133478460109807419392.0
9.109,80.75,E2,4654503048744890007552.0
9.119,88.82,F2,1474828728169223946240.0
9.129,88.82,F2,2226037334150236602368.0
9.139,91.52,F#2,1546583197186039742464.0
9.149,88.82,F2,1313120017618162679808.0
9.159,88.82,F2,1561618711850591715328.0
9.169,86.13,F2,1701616066585022693376.0
9.179,86.13,F2,98635424540954216890368.0
9.189,86.13,F2,399419950872189533683712.0
9.199,86.13,F2,159593462445683987447808.0
9.209,86.13,F2,20709357101702451298304.0
9.219,86.13,F2,16799876034475937759232.0
9.229,94.21,F#2,31051001656046082064384.0
9.239,88.82,F2,9243029884029548625920.0
9.249,88.82,F2,1926774619637923184640.0
9.259,88.82,F2,4324457165398740041728.0
9.269,83.44,E2,8456539314693914755072.0
9.279,80.75,E2,6523017214004352253952.0
9.289,80.75,E2,3752985971447364583424.0
9.299,80.75,E2,3076900015577705218048.0
9.309,80.75,E2,5522765316995947692032.0
9.319,88.82,F2,1040432737213713481728.0
9.329,88.82,F2,2328989389636880039936.0
9.339,88.82,F2,1025686625791771279360.0
9.349,88.82,F2,1016952543144783642624.0
9.359,88.82,F2,221028548426652418048.0
9.369,86.13,F2,1947563867808339853312.0
9.379,83.44,E2,845417370652112715776.0
9.389,86.13,F2,214890232072394932224.0
9.399,91.52,F#2,283765793622342107136.0
9.409,88.82,F2,1296498992537209667584.0
9.419,88.82,F2,705198341250656108544.0
9.429,88.82,F2,1337038696377165283328.0
9.439,88.82,F2,3135468967053914275840.0
9.449,88.82,F2,2279906521943915102208.0
9.459,80.75,E2,1813783652307354779648.0
9.468,80.75,E2,656230611131191918592.0
9.478,80.75,E2,1545161138513397415936.0
9.488,80.75,E2,2315935579916265324544.0
9.498,80.75,E2,3520420245065786458112.0
9.508,80.75,E2,1540312990096287334400.0
9.518,80.75,E2,1651643075307959746560.0
9.528,123.82,B2,2464110355113729064960.0
9.538,123.82,B2,5237117996135719370752.0
9.548,96.90,G2,11188286268864569802752.0
9.558,96.90,G2,25809093825327064416256.0
9.568,96.90,G2,19248878408704473432064.0
9.578,88.82,F2,2855673032657265491968.0
9.588,88.82,F2,761712716085138161664.0
9.598,86.13,F2,1276016825218076770304.0
9.608,88.82,F2,424021342724539154432.0
9.618,88.82,F2,268159811890383060992.0
9.628,94.21,F#2,235442954385933828096.0
9.638,83.44,E2,349497915950385397760.0
9.648,91.52,F#2,178095775916949110784.0
9.658,83.44,E2,222102014205738090496.0
9.668,83.44,E2,183647685874354946048.0
9.678,83.44,E2,192091761187262922752.0
9.688,91.52,F#2,294759119733193965568.0
9.698,91.52,F#2,294227798887141081088.0
9.708,91.52,F#2,439967620477035282432.0
9.718,94.21,F#2,375760053316954554368.0
9.728,94.21,F#2,571244167526986022912.0
9.738,91.52,F#2,489710921932532023296.0
9.748,94.21,F#2,483305679445843378176.0
9.758,94.21,F#2,1711552034380542902272.0
9.768,91.52,F#2,1586800517385650438144.0
9.778,91.52,F#2,989704958457770409984.0
9.788,91.52,F#2,1199406001111473586176.0
9.798,91.52,F#2,1397282972262754942976.0
9.808,80.75,E2,908043345948435546112.0
9.818,91.52,F#2,206681480136413085696.0
9.828,91.52,F#2,633101406237449388032.0
9.838,91.52,F#2,233112099324339617792.0
9.848,94.21,F#2,153973682899013140480.0
9.858,94.21,F#2,205650291397121835008.0
9.868,80.75,E2,111026958600622456832.0
9.878,80.75,E2,216208480169909911552.0
9.888,80.75,E2,344424785959070007296.0
9.898,80.75,E2,201812759198987321344.0
9.907,80.75,E2,257075494368750338048.0
9.917,83.44,E2,499505380434486624256.0
9.927,80.75,E2,613095297373688954880.0
9.937,83.44,E2,954475260671358140416.0
9.947,83.44,E2,770421394472766144512.0
9.957,83.44,E2,1410964266454649667584.0
9.967,83.44,E2,1264727550977920466944.0
9.977,83.44,E2,909367159532022005760.0
9.987,83.44,E2,494397170997622996992.0
9.997,83.44,E2,1373271231333797724160.0
10.007,83.44,E2,1133524186121574416384.0
10.017,83.44,E2,1266305759847809024000.0
10.027,83.44,E2,1960873698257366417408.0
10.037,83.44,E2,1233656754366614863872.0
10.047,83.44,E2,1667891907688338554880.0
10.057,80.75,E2,641192920497322721280.0
10.067,80.75,E2,1210337605325119029248.0
10.077,83.44,E2,945217466342052069376.0
10.087,94.21,F#2,439464932000041467904.0
10.097,94.21,F#2,419684794044510699520.0
10.107,94.21,F#2,809915760235759403008.0
10.117,94.21,F#2,854467690961299701760.0
10.127,91.52,F#2,725872753827300245504.0
10.137,91.52,F#2,525695705937973411840.0
10.147,91.52,F#2,532032996649499033600.0
10.157,91.52,F#2,776801978388787101696.0
10.167,91.52,F#2,416968523164055240704.0
10.177,91.52,F#2,161958635635380781056.0
10.187,91.52,F#2,262685711700549271552.0
10.197,91.52,F#2,261736827050876436480.0
10.207,91.52,F#2,460927064202762715136.0
10.217,80.75,E2,611870563767079141376.0
10.227,80.75,E2,390957065712199008256.0
10.237,80.75,E2,505940759654542671872.0
10.247,80.75,E2,1301712362012908453888.0
10.257,80.75,E2,1714055180687620440064.0
10.267,91.52,F#2,1594479843531984732160.0
10.277,91.52,F#2,1347031377548109676544.0
10.287,80.75,E2,546281407423042748416.0
10.297,80.75,E2,16110276253105250107392.0
10.307,80.75,E2,206504144074309220958208.0
10.317,80.75,E2,448012141963847669907456.0
10.327,94.21,F#2,54494699509568841449472.0
10.337,94.21,F#2,60912247614323025772544.0
10.346,94.21,F#2,42857169230581769175040.0
10.356,94.21,F#2,26648984729075461390336.0
10.366,94.21,F#2,21224625964430791802880.0
10.376,94.21,F#2,5738383125283501768704.0
10.386,94.21,F#2,2716150816976581165056.0
10.396,94.21,F#2,12628913575076128882688.0
10.406,94.21,F#2,11731338374496737296384.0
10.416,94.21,F#2,9981565622911034720256.0
10.426,94.21,F#2,6385474248494255439872.0
10.436,94.21,F#2,18888391643359610929152.0
10.446,94.21,F#2,13677542943268360159232.0
10.456,94.21,F#2,4830891169026605580288.0
10.466,94.21,F#2,12512734843896789467136.0
10.476,94.21,F#2,7462169562133155545088.0
10.486,94.21,F#2,11108651144335507587072.0
10.496,94.21,F#2,136869618721915607711744.0
10.506,86.13,F2,77502304978845529276416.0
10.516,83.44,E2,36614925942945887551488.0
10.526,83.44,E2,24542607542572315312128.0
10.536,83.44,E2,63762858150442137812992.0
10.546,83.44,E2,42419978141105240670208.0
10.556,88.82,F2,17603018520219309047808.0
10.566,91.52,F#2,5711058069454141259776.0
10.576,91.52,F#2,6822457766070225731584.0
10.586,91.52,F#2,486037354348183289856.0
10.596,91.52,F#2,1091442710276746641408.0
10.606,91.52,F#2,2791129229617502093312.0
10.616,94.21,F#2,2368896198364209086464.0
10.626,94.21,F#2,2562127514909958209536.0
10.636,94.21,F#2,2550108181506705326080.0
10.646,94.21,F#2,4940810363499481923584.0
10.656,91.52,F#2,2065851843446109634560.0
10.666,91.52,F#2,469872554850165915648.0
10.676,91.52,F#2,1445859352887049322496.0
10.686,91.52,F#2,2240479492025237372928.0
10.696,88.82,F2,337013370364131475456.0
10.706,88.82,F2,987086510716898377728.0
10.716,88.82,F2,3574978923616309084160.0
10.726,94.21,F#2,3111911323717775917056.0
10.736,121.12,B2,9404492433649227005952.0
10.746,121.12,B2,3016280561870962163712.0
10.756,121.12,B2,2680601855298957737984.0
10.766,121.12,B2,1381774643081451929600.0
10.776,118.43,A#2,562533918541657014272.0
10.785,118.43,A#2,488238014698998333440.0
10.795,104.97,G#2,524463242164618526720.0
10.805,102.28,G#2,896826402583529783296.0
10.815,99.59,G2,186510852243409207296.0
10.825,99.59,G2,163810196304502849536.0
10.835,99.59,G2,173602391571636060160.0
10.845,99.59,G2,146013926696491220992.0
10.855,99.59,G2,242362015269485051904.0
10.865,80.75,E2,449634992619330732032.0
10.875,80.75,E2,398016323133996793856.0
10.885,80.75,E2,1737978649023592005632.0
10.895,80.75,E2,2105902181386858004480.0
10.905,80.75,E2,1688877940659248693248.0
10.915,91.52,F#2,648647266455692902400.0
10.925,118.43,A#2,2872625238659754360832.0
10.935,104.97,G#2,1821332032190617747456.0
10.945,104.97,G#2,1400452275402683449344.0
10.955,118.43,A#2,2547355323191760257024.0
10.965,118.43,A#2,1320073918535295041536.0
10.975,104.97,G#2,2223723885454937030656.0
10.985,94.21,F#2,3127830252188385935360.0
10.995,94.21,F#2,6212834499260293578752.0
11.005,91.52,F#2,4033910197621191344128.0
11.015,91.52,F#2,6325141131554842476544.0
11.025,91.52,F#2,5791321930001261002752.0
11.035,91.52,F#2,8669835794251187748864.0
11.045,91.52,F#2,25528482227422178050048.0
11.055,91.52,F#2,52496077121472572686336.0
11.065,91.52,F#2,30623923623550947164160.0
11.075,83.44,E2,2217831543512945917952.0
11.085,83.44,E2,426513373747771867136.0
11.095,102.28,G#2,454872889071496331264.0
11.105,102.28,G#2,778175000266052993024.0
11.115,80.75,E2,249535769295868723200.0
11.125,115.74,A#2,301774165344281427968.0
11.135,80.75,E2,226234670245127258112.0
11.145,80.75,E2,136288050778902560768.0
11.155,110.36,A2,54206879316710572032.0
11.165,110.36,A2,93212809061363138560.0
11.175,99.59,G2,193602894531725885440.0
11.185,104.97,G#2,590883384481705754624.0
11.195,99.59,G2,297885766102236528640.0
11.205,99.59,G2,286862977379650142208.0
11.215,99.59,G2,69458151328721625088.0
11.224,104.97,G#2,70526949945154191360.0
11.234,104.97,G#2,483435183370472456192.0
11.244,104.97,G#2,805377238065404313600.0
11.254,83.44,E2,205434889655364485120.0
11.264,83.44,E2,27785967670020509696.0
11.274,83.44,E2,138085674539085365248.0
11.284,80.75,E2,112457523344593453056.0
11.294,80.75,E2,143339371341672251392.0
11.304,80.75,E2,796161849090703228928.0
11.314,83.44,E2,463298567877895782400.0
11.324,121.12,B2,348493356988553691136.0
11.334,121.12,B2,927310523183327608832.0
11.344,121.12,B2,376566977925292425216.0
11.354,118.43,A#2,253906394611539050496.0
11.364,80.75,E2,172034097787382235136.0
11.374,80.75,E2,323889880963198156800.0
11.384,80.75,E2,326113714351369027584.0
11.394,80.75,E2,552997059698782961664.0
11.404,80.75,E2,183914336833561362432.0
11.414,113.05,A2,238971478023264305152.0
11.424,86.13,F2,318664033624682725376.0
11.434,86.13,F2,583992881399435165696.0
11.444,86.13,F2,737390080484951851008.0
11.454,86.13,F2,1091910387840996343808.0
11.464,86.13,F2,1435878747446656106496.0
11.474,86.13,F2,723037568151177134080.0
11.484,86.13,F2,1143707648435937214464.0
11.494,86.13,F2,849894825405879549952.0
11.504,86.13,F2,313914178871270113280.0
11.514,86.13,F2,263470474980138614784.0
11.524,83.44,E2,312047922187330977792.0
11.534,83.44,E2,686717058472550596608.0
11.544,83.44,E2,158665937305080987648.0
11.554,83.44,E2,183460420051776831488.0
11.564,83.44,E2,83864643013231165440.0
11.574,80.75,E2,220979103537377509376.0
11.584,80.75,E2,141207058391035805696.0
11.594,80.75,E2,293939978219891458048.0
11.604,80.75,E2,1318187303529486483456.0
11.614,80.75,E2,73463857075815886880768.0
11.624,80.75,E2,343042469121026768764928.0
11.634,80.75,E2,330829892724332599181312.0
11.644,80.75,E2,116650528664329924902912.0
11.654,80.75,E2,59992658902520485117952.0
11.663,80.75,E2,11891515830475138531328.0
11.673,80.75,E2,22395994572236913639424.0
11.683,80.75,E2,16693337591989007286272.0
11.693,80.75,E2,6115537843743072714752.0
11.703,80.75,E2,12013282986962569920512.0
11.713,80.75,E2,10249850952371956350976.0
11.723,80.75,E2,1286124292177767956480.0
11.733,80.75,E2,830701243124994146304.0
11.743,80.75,E2,3161930282539028578304.0
11.753,115.74,A#2,7501069216318747574272.0
11.763,80.75,E2,1888912105404740141056.0
11.773,80.75,E2,646113782820291870720.0
11.783,80.75,E2,186496098736956506112.0
11.793,86.13,F2,237880054151699005440.0
11.803,80.75,E2,446271743098260750336.0
11.813,86.13,F2,2249660157386806001664.0
11.823,86.13,F2,13348446661695233851392.0
11.833,86.13,F2,25515218400428955795456.0
11.843,86.13,F2,10963299500789826846720.0
11.853,86.13,F2,8489945399071682330624.0
11.863,86.13,F2,4504562357383562526720.0
11.873,83.44,E2,10846066239056539287552.0
11.883,83.44,E2,14925836224263576616960.0
11.893,83.44,E2,11401824990267797667840.0
11.903,83.44,E2,11086051487193197707264.0
11.913,83.44,E2,9977449448607596937216.0
11.923,83.44,E2,3212317490542744698880.0
11.933,83.44,E2,2957455437779603292160.0
11.943,83.44,E2,7315713726970109886464.0
11.953,83.44,E2,3542727153754789904384.0
11.963,104.97,G#2,4083226336878108606464.0
11.973,104.97,G#2,2584491995256835276800.0
11.983,104.97,G#2,1512787040186641154048.0
11.993,104.97,G#2,2918438294324776534016.0
12.003,107.67,A2,9190624669104173219840.0
12.013,107.67,A2,3380641609431348412416.0
12.023,107.67,A2,1884328719541392900096.0
12.033,104.97,G#2,3705324476757760278528.0
12.043,83.44,E2,4081228545031285506048.0
12.053,83.44,E2,9671850552517598380032.0
12.063,83.44,E2,10930537307893867216896.0
12.073,83.44,E2,2299382284250922352640.0
12.083,83.44,E2,11581722602528831438848.0
12.093,83.44,E2,5765191702789767561216.0
12.102,83.44,E2,6021540529989341937664.0
12.112,83.44,E2,5256041631037860610048.0
12.122,83.44,E2,6525703748688432594944.0
12.132,83.44,E2,14305420973685031829504.0
12.142,83.44,E2,6303962850144873873408.0
12.152,83.44,E2,24260647245840472080384.0
12.162,83.44,E2,41123208391680096993280.0
12.172,83.44,E2,206845941991721077309440.0
12.182,83.44,E2,882133980791260850421760.0
12.192,83.44,E2,1355695902259027116032000.0
12.202,83.44,E2,442490128359999915687936.0
12.212,80.75,E2,119106971984838019514368.0
12.222,80.75,E2,24888628448951944609792.0
12.232,80.75,E2,19853229627153894604800.0
12.242,80.75,E2,8459539613625390989312.0
12.252,83.44,E2,8772217664551858995200.0
12.262,83.44,E2,3172297368363755634688.0
12.272,83.44,E2,4442444610785683439616.0
12.282,83.44,E2,2108737952999340244992.0
12.292,107.67,A2,1060348684809935650816.0
12.302,110.36,A2,745511126183417217024.0
12.312,113.05,A2,1325032914739207864320.0
12.322,113.05,A2,2413647940283614101504.0
12.332,110.36,A2,1571346488373078917120.0
12.342,110.36,A2,3490714210841163988992.0
12.352,110.36,A2,1277124526580629241856.0
12.362,80.75,E2,2159043406295249453056.0
12.372,80.75,E2,3003001653024814268416.0
12.382,80.75,E2,651159962703893495808.0
12.392,80.75,E2,404045266145060651008.0
12.402,80.75,E2,46345881442764193792.0
12.412,99.59,G2,71016975594386997248.0
12.422,104.97,G#2,402455632974700544000.0
12.432,107.67,A2,292561743864772919296.0
12.442,107.67,A2,484222725469406232576.0
12.452,110.36,A2,652501090418239471616.0
12.462,113.05,A2,1260793976721497391104.0
12.472,113.05,A2,1574797887214969946112.0
12.482,113.05,A2,1141424797804105039872.0
12.492,113.05,A2,490789270086249873408.0
12.502,110.36,A2,450198128387055812608.0
12.512,80.75,E2,1295670580370842320896.0
12.522,80.75,E2,761648911503240986624.0
12.532,91.52,F#2,574748674312172011520.0
12.541,91.52,F#2,1354768835246855553024.0
12.551,86.13,F2,9522724644508355526656.0
12.561,86.13,F2,15551999791814085181440.0
12.571,86.13,F2,4108831068966490210304.0
12.581,86.13,F2,2987778704885173714944.0
12.591,80.75,E2,1552441190095421440000.0
12.601,80.75,E2,889598644355425894400.0
12.611,80.75,E2,140443066993089265664.0
12.621,99.59,G2,31471041899114844160.0
12.631,96.90,G2,123653448554454482944.0
12.641,99.59,G2,87242600078367981568.0
12.651,99.59,G2,56395194928342147072.0
12.661,102.28,G#2,31851993955774164992.0
12.671,107.67,A2,218227326270721884160.0
12.681,107.67,A2,213023063000482873344.0
12.691,107.67,A2,336304586287693299712.0
12.701,110.36,A2,250193012828259483648.0
12.711,110.36,A2,356439201458024349696.0
12.721,110.36,A2,547417613352324431872.0
12.731,110.36,A2,354372739508461568000.0
12.741,110.36,A2,297189102193750507520.0
12.751,110.36,A2,138000916262422315008.0
12.761,110.36,A2,110959328701502668800.0
12.771,110.36,A2,131334102636314427392.0
12.781,107.67,A2,105261708740977573888.0
12.791,110.36,A2,62823571592496340992.0
12.801,110.36,A2,293953440083627606016.0
12.811,107.67,A2,326034982005248229376.0
12.821,107.67,A2,93797443435391500288.0
12.831,107.67,A2,255531289413121376256.0
12.841,107.67,A2,78337709753386450944.0
12.851,107.67,A2,119492384258065268736.0
12.861,107.67,A2,219139091005464903680.0
12.871,107.67,A2,247375351804625092608.0
12.881,107.67,A2,215818714152865005568.0
12.891,110.36,A2,51657468130332729344.0
12.901,110.36,A2,210880260103500169216.0
12.911,107.67,A2,173308404786739118080.0
12.921,102.28,G#2,14660138815069098082304.0
12.931,99.59,G2,328343521691959430217728.0
12.941,99.59,G2,359007067439453368745984.0
12.951,99.59,G2,152027229636374699180032.0
12.961,80.75,E2,23093215623817635823616.0
12.971,80.75,E2,22968056435129695862784.0
12.980,80.75,E2,10109885397836394135552.0
12.990,80.75,E2,13734931349012905721856.0
13.000,80.75,E2,17092240463032655806464.0
13.010,80.75,E2,11656579435913549971456.0
13.020,80.75,E2,32049324159888972054528.0
13.030,80.75,E2,12261933508190659411968.0
13.040,123.82,B2,9421066015586250653696.0
13.050,123.82,B2,8642248151597218529280.0
13.060,123.82,B2,7352307698397361471488.0
13.070,123.82,B2,12802120622763392630784.0
13.080,83.44,E2,6081133363295345967104.0
13.090,80.75,E2,14632191967986699993088.0
13.100,80.75,E2,120223828486764059688960.0
13.110,80.75,E2,202737148498059240407040.0
13.120,80.75,E2,372123224693221961498624.0
13.130,80.75,E2,206814239613995370676224.0
13.140,80.75,E2,29998602576485932859392.0
13.150,80.75,E2,67023963784009259941888.0
13.160,80.75,E2,34394688058923732172800.0
13.170,80.75,E2,33884478479971154657280.0
13.180,80.75,E2,21233750254158054686720.0
13.190,80.75,E2,25439739265124344528896.0
13.200,80.75,E2,11144621147485458399232.0
13.210,80.75,E2,3497627817553568464896.0
13.220,123.82,B2,1918576321580136398848.0
13.230,123.82,B2,1876110745642711646208.0
13.240,123.82,B2,3449521175726038450176.0
13.250,123.82,B2,5122138942102839492608.0
13.260,123.82,B2,6511888897294185005056.0
13.270,123.82,B2,10283157053721920143360.0
13.280,123.82,B2,9468976769527852302336.0
13.290,123.82,B2,8168267548515310239744.0
13.300,123.82,B2,26024979189962217881600.0
13.310,99.59,G2,162448835929769626304512.0
13.320,80.75,E2,302014618374421870542848.0
13.330,80.75,E2,98755505615242543497216.0
13.340,80.75,E2,25225120406067879084032.0
13.350,80.75,E2,14554537775509050228736.0
13.360,88.82,F2,14625711351157516926976.0
13.370,91.52,F#2,8200479465680158064640.0
13.380,91.52,F#2,1892487710121574531072.0
13.390,91.52,F#2,2761035739878834307072.0
13.400,91.52,F#2,2425931879219017547776.0
13.410,80.75,E2,1787837048636005679104.0
13.420,80.75,E2,1148452976970964008960.0
13.429,96.90,G2,565304531539155681280.0
13.439,96.90,G2,1178780896329345400832.0
13.449,104.97,G#2,1234180841758430855168.0
13.459,104.97,G#2,2614330774120157413376.0
13.469,104.97,G#2,3095471146443739234304.0
13.479,94.21,F#2,7662373073028716167168.0
13.489,91.52,F#2,104559281123931579219968.0
13.499,91.52,F#2,41196327720321300824064.0
13.509,91.52,F#2,64961105230610017812480.0
13.519,91.52,F#2,34514773862846214176768.0
13.529,86.13,F2,107508092229644642680832.0
13.539,83.44,E2,22980309657558852829184.0
13.549,83.44,E2,7152231384128770015232.0
13.559,80.75,E2,23934987949155534503936.0
13.569,80.75,E2,22572812674983876624384.0
13.579,80.75,E2,8560836504468260388864.0
13.589,80.75,E2,10377966867995347124224.0
13.599,80.75,E2,4775957765946435698688.0
13.609,96.90,G2,3971052055778328838144.0
13.619,96.90,G2,3790411848429830930432.0
13.629,96.90,G2,2041322338205116137472.0
13.639,96.90,G2,3150033781761872232448.0
13.649,96.90,G2,3243306961113878364160.0
13.659,96.90,G2,2095683161038341799936.0
13.669,80.75,E2,3422795038902952919040.0
13.679,80.75,E2,685268830217831317504.0
13.689,80.75,E2,778211673755989835776.0
13.699,80.75,E2,3206536827090165563392.0
13.709,80.75,E2,1433842159896137564160.0
13.719,80.75,E2,2254600079201471299584.0
13.729,102.28,G#2,3796034588506282000384.0
13.739,102.28,G#2,2987357669618121965568.0
13.749,102.28,G#2,1924929859231866945536.0
13.759,102.28,G#2,875450068704571031552.0
13.769,104.97,G#2,546332077460464074752.0
13.779,102.28,G#2,1796576399807042813952.0
13.789,102.28,G#2,2961543137460682752000.0
13.799,104.97,G#2,3465696400980634501120.0
13.809,107.67,A2,2371439751668006125568.0
13.819,104.97,G#2,2360758523261554524160.0
13.829,104.97,G#2,1336775145257100902400.0
13.839,104.97,G#2,1574812099633487544320.0
13.849,96.90,G2,2222207336976447963136.0
13.859,96.90,G2,969431395263067586560.0
13.868,96.90,G2,4489278750122204200960.0
13.878,118.43,A#2,4055893225992071675904.0
13.888,118.43,A#2,2169353866398513496064.0
13.898,118.43,A#2,3508715167655275266048.0
13.908,118.43,A#2,5951612542911765282816.0
13.918,110.36,A2,8236230934384649175040.0
13.928,110.36,A2,5422680726211208937472.0
13.938,110.36,A2,4713579751043882287104.0
13.948,104.97,G#2,4544566197527325966336.0
13.958,107.67,A2,2708185162557401071616.0
13.968,110.36,A2,1637922621187412983808.0
13.978,107.67,A2,2540573228434697748480.0
13.988,104.97,G#2,5759447744108464963584.0
13.998,104.97,G#2,2920329651255674142720.0
14.008,104.97,G#2,1059035472109049479168.0
14.018,104.97,G#2,907336486636783140864.0
14.028,104.97,G#2,1839973061222218596352.0
14.038,104.97,G#2,3114930699652204855296.0
14.048,107.67,A2,10604037240171565940736.0
14.058,107.67,A2,8454918439876403658752.0
14.068,104.97,G#2,1270018742313417179136.0
14.078,104.97,G#2,1517932999805488857088.0
14.088,104.97,G#2,589235755039334989824.0
14.098,104.97,G#2,636291908442807074816.0
14.108,104.97,G#2,902778931942653427712.0
14.118,102.28,G#2,717439509826796912640.0
14.128,102.28,G#2,227324418233025593344.0
14.138,102.28,G#2,385641758219187847168.0
14.148,102.28,G#2,303389908187957231616.0
14.158,102.28,G#2,478721731697641127936.0
14.168,102.28,G#2,249100206491804336128.0
14.178,104.97,G#2,335159482903047241728.0
14.188,110.36,A2,272354262893412941824.0
14.198,110.36,A2,273069607743932399616.0
14.208,110.36,A2,89616047517393321984.0
14.218,118.43,A#2,101097595834523762688.0
14.228,123.82,B2,47880440040561360896.0
14.238,118.43,A#2,188196363449678659584.0
14.248,118.43,A#2,285117437996454477824.0
14.258,107.67,A2,293483117432232050688.0
14.268,107.67,A2,314103106727933050880.0
14.278,104.97,G#2,707657316734326538240.0
14.288,104.97,G#2,554204632308834500608.0
14.298,80.75,E2,437929454920575090688.0
14.307,80.75,E2,539493619522244313088.0
14.317,80.75,E2,964558705320175337472.0
14.327,104.97,G#2,1069347011179901485056.0
14.337,104.97,G#2,1260017915005226713088.0
14.347,104.97,G#2,832181808831304826880.0
14.357,104.97,G#2,603065416175122513920.0
14.367,104.97,G#2,401560154782372265984.0
14.377,102.28,G#2,562408051150186151936.0
14.387,102.28,G#2,618371526619372716032.0
14.397,104.97,G#2,274015896927711854592.0
14.407,104.97,G#2,754887711069696688128.0
14.417,104.97,G#2,702442874147732586496.0
14.427,104.97,G#2,214055626595028271104.0
14.437,104.97,G#2,505939696716896927744.0
14.447,104.97,G#2,619552991824213180416.0
14.457,104.97,G#2,567000083918900559872.0
14.467,102.28,G#2,1304777360714123444224.0
14.477,102.28,G#2,1229932320170429906944.0
14.487,102.28,G#2,567702058108526264320.0
14.497,102.28,G#2,739810877962441719808.0
14.507,102.28,G#2,734317528574083989504.0
14.517,102.28,G#2,602762949939963756544.0
14.527,102.28,G#2,597647298250406625280.0
14.537,102.28,G#2,578095272477068623872.0
14.547,102.28,G#2,1562778290512479125504.0
14.557,102.28,G#2,1465440099382357917696.0
14.567,102.28,G#2,1062187784317843013632.0
14.577,86.13,F2,750677928790720249856.0
14.587,80.75,E2,1822900801342748753920.0
14.597,80.75,E2,1004178123472446291968.0
14.607,80.75,E2,168948690568003245309952.0
14.617,88.82,F2,166243721946976523124736.0
14.627,91.52,F#2,376323754490695604240384.0
14.637,91.52,F#2,158096586138675524403200.0
14.647,91.52,F#2,83393554381828683464704.0
14.657,91.52,F#2,48299197333903129968640.0
14.667,80.75,E2,22637579001325999357952.0
14.677,80.75,E2,8725376539153713332224.0
14.687,80.75,E2,7314993740735592792064.0
14.697,86.13,F2,7834903483676243263488.0
14.707,86.13,F2,4046916456705534459904.0
14.717,86.13,F2,4432607672218383024128.0
14.727,94.21,F#2,692765481677532823552.0
14.737,94.21,F#2,2160814529620300005376.0
14.746,94.21,F#2,1431081797618956500992.0
14.756,91.52,F#2,2586733999467073110016.0
14.766,88.82,F2,3554323913736066695168.0
14.776,88.82,F2,834751830239057281024.0
14.786,88.82,F2,285831634515221348352.0
14.796,88.82,F2,1588441117720045158400.0
14.806,91.52,F#2,2021433182817499480064.0
14.816,91.52,F#2,2518488115496596013056.0
14.826,94.21,F#2,1649220891531199905792.0
14.836,94.21,F#2,1463361488817216815104.0
14.846,94.21,F#2,4014128570260045430784.0
14.856,94.21,F#2,2903335404522852319232.0
14.866,94.21,F#2,4656540063123223085056.0
14.876,94.21,F#2,5630095154141269590016.0
14.886,94.21,F#2,1575749235886592622592.0
14.896,94.21,F#2,2560448440739078602752.0
14.906,94.21,F#2,4305627502687964626944.0
14.916,94.21,F#2,4387872873804233441280.0
14.926,94.21,F#2,1334447202791562149888.0
14.936,94.21,F#2,3964375453462676635648.0
14.946,94.21,F#2,3201250290448052781056.0
14.956,94.21,F#2,1946160164496539648000.0
14.966,94.21,F#2,1619916605213118824448.0
14.976,94.21,F#2,503085181755074674688.0
14.986,80.75,E2,221715729903923494912.0
14.996,80.75,E2,267827821001133588480.0
15.006,80.75,E2,598970605126036094976.0
15.016,80.75,E2,973657518444743491584.0
15.026,80.75,E2,2706443941252039180288.0
15.036,80.75,E2,1981999540933657624576.0
15.046,80.75,E2,1664532816373338865664.0
15.056,80.75,E2,1161464967222268526592.0
15.066,80.75,E2,1172565946785916780544.0
15.076,80.75,E2,791557560604400156672.0
15.086,80.75,E2,788077860421040865280.0
15.096,91.52,F#2,339581892703840894976.0
15.106,91.52,F#2,369942241878512173056.0
15.116,83.44,E2,477788560296967995392.0
15.126,83.44,E2,365729512941851901952.0
15.136,80.75,E2,183900250833030021120.0
15.146,80.75,E2,332423883534676787200.0
15.156,80.75,E2,917727367265322270720.0
15.166,80.75,E2,8634678027920740450304.0
15.176,83.44,E2,141630298887910110265344.0
15.185,94.21,F#2,154458292554363549253632.0
15.195,94.21,F#2,111665980881313766309888.0
15.205,83.44,E2,25991084048736891961344.0
15.215,83.44,E2,51553808959954694963200.0
15.225,91.52,F#2,10857815699291767832576.0
15.235,91.52,F#2,6203296567918923350016.0
15.245,91.52,F#2,7058652752428079775744.0
15.255,91.52,F#2,9269226560826208419840.0
15.265,91.52,F#2,4443716929130549739520.0
15.275,91.52,F#2,529149637538633285632.0
15.285,91.52,F#2,794845686953643868160.0
15.295,94.21,F#2,1758161269221209145344.0
15.305,94.21,F#2,1049714217960011726848.0
15.315,94.21,F#2,641809017207833886720.0
15.325,94.21,F#2,2564622823992037212160.0
15.335,94.21,F#2,1230137289649297817600.0
15.345,94.21,F#2,990068640857549438976.0
15.355,94.21,F#2,3796282984839149256704.0
15.365,94.21,F#2,2953402071313380540416.0
15.375,91.52,F#2,411244787913393569792.0
15.385,91.52,F#2,747084638797375733760.0
15.395,91.52,F#2,1272823203135490097152.0
15.405,91.52,F#2,2846351062519857020928.0
15.415,83.44,E2,2172610086421668560896.0
15.425,83.44,E2,1016634702925112410112.0
15.435,80.75,E2,7091574830282998546432.0
15.445,80.75,E2,8246512055690324869120.0
15.455,80.75,E2,3155224111894791979008.0
15.465,80.75,E2,2867504357698951446528.0
15.475,83.44,E2,1676206712240154345472.0
15.485,83.44,E2,2219956679199635275776.0
15.495,83.44,E2,798632151485783736320.0
15.505,80.75,E2,1593434569309342924800.0
15.515,83.44,E2,2076053445769862578176.0
15.525,83.44,E2,1452103011045648891904.0
15.535,80.75,E2,2862101394154514284544.0
15.545,83.44,E2,18235024353682767478784.0
15.555,96.90,G2,23799297079626294099968.0
15.565,123.82,B2,5671066574882590425088.0
15.575,96.90,G2,1102399852876250349568.0
15.585,96.90,G2,632662726589191290880.0
15.595,94.21,F#2,1011133372237205078016.0
15.605,94.21,F#2,1675829852231166590976.0
15.615,94.21,F#2,582461562104426070016.0
15.624,94.21,F#2,521503112189632774144.0
15.634,94.21,F#2,592131659616969293824.0
15.644,94.21,F#2,352477020938193272832.0
15.654,94.21,F#2,263885366237412392960.0
15.664,94.21,F#2,567296939156480393216.0
15.674,123.82,B2,491886754312022720512.0
15.684,123.82,B2,243318447760191619072.0
15.694,123.82,B2,487471323332174282752.0
15.704,96.90,G2,640221369016903270400.0
15.714,96.90,G2,476184711184038100992.0
15.724,94.21,F#2,591217586405048188928.0
15.734,94.21,F#2,793528605460088619008.0
15.744,94.21,F#2,730792793925484806144.0
15.754,91.52,F#2,704311264503765925888.0
15.764,94.21,F#2,912591719519099813888.0
15.774,123.82,B2,4364507135186402541568.0
15.784,123.82,B2,2603738745756901703680.0
15.794,123.82,B2,2120608893029298733056.0
15.804,123.82,B2,1216415644382174642176.0
15.814,94.21,F#2,295876596406038364160.0
15.824,94.21,F#2,369525680415785418752.0
15.834,83.44,E2,657178515837090398208.0
15.844,83.44,E2,384264341729238122496.0
15.854,83.44,E2,768267660757524283392.0
15.864,83.44,E2,460840700037321261056.0
15.874,88.82,F2,141846329344210026496.0
15.884,88.82,F2,646510544209939660800.0
15.894,83.44,E2,320336691594179837952.0
15.904,83.44,E2,347383175182621081600.0
15.914,83.44,E2,959627510389188460544.0
15.924,83.44,E2,509373005215298158592.0
15.934,83.44,E2,288011032106791305216.0
15.944,83.44,E2,2033954246870145695744.0
15.954,88.82,F2,1696884811202237038592.0
15.964,88.82,F2,348424737723410415616.0
15.974,91.52,F#2,750275262075473756160.0
15.984,91.52,F#2,1947545565987660890112.0
15.994,91.52,F#2,982374891403639914496.0
16.004,91.52,F#2,423458091922699059200.0
16.014,91.52,F#2,663375130615373234176.0
16.024,91.52,F#2,681954556582665650176.0
16.034,91.52,F#2,445899244839291781120.0
16.044,99.59,G2,810147171695774400512.0
16.054,99.59,G2,816614214115903406080.0
16.063,96.90,G2,319615563744399851520.0
16.073,96.90,G2,673429503262670585856.0
16.083,91.52,F#2,1381356487191593746432.0
16.093,91.52,F#2,2984525841138034671616.0
16.103,91.52,F#2,6341070390435183067136.0
16.113,91.52,F#2,8439388760119535730688.0
16.123,94.21,F#2,4919390302331640741888.0
16.133,94.21,F#2,2429465344561888886784.0
16.143,94.21,F#2,4315174805752625233920.0
16.153,88.82,F2,1316227271706991656960.0
16.163,88.82,F2,906738230013227696128.0
16.173,88.82,F2,3638672157710274265088.0
16.183,88.82,F2,5254899148398159462400.0
16.193,91.52,F#2,1368781276804858249216.0
16.203,91.52,F#2,2468227029265481203712.0
16.213,91.52,F#2,3497376053507939368960.0
16.223,91.52,F#2,1881111455047948697600.0
16.233,91.52,F#2,1742445304589335134208.0
16.243,91.52,F#2,1797852992814092124160.0
16.253,91.52,F#2,1294557499028013318144.0
16.263,88.82,F2,467825096649856712704.0
16.273,86.13,F2,547391395562369515520.0
16.283,86.13,F2,1717982821883271184384.0
16.293,86.13,F2,67674390966660889575424.0
16.303,86.13,F2,548515107146138885554176.0
16.313,86.13,F2,191781848949631714590720.0
16.323,88.82,F2,96076391243409103257600.0
16.333,94.21,F#2,81581747851100302606336.0
16.343,94.21,F#2,78074795914286262648832.0
16.353,94.21,F#2,15195820808310160883712.0
16.363,94.21,F#2,2254353093030381617152.0
16.373,88.82,F2,3382796733206956081152.0
16.383,88.82,F2,2457167230232301142016.0
16.393,94.21,F#2,3299794418254997880832.0
16.403,94.21,F#2,4787650891980405211136.0
16.413,94.21,F#2,12497535392539299807232.0
16.423,94.21,F#2,21169709591544962482176.0
16.433,94.21,F#2,18376180864502718267392.0
16.443,94.21,F#2,7523390456931114024960.0
16.453,94.21,F#2,14813823830698408017920.0
16.463,94.21,F#2,9294660834767886352384.0
16.473,94.21,F#2,12204767297631508496384.0
16.483,94.21,F#2,125078768827421840900096.0
16.493,94.21,F#2,224702256600572747579392.0
16.502,94.21,F#2,279031599953023883804672.0
16.512,94.21,F#2,207207271819825213603840.0
16.522,94.21,F#2,189042964845146148962304.0
16.532,94.21,F#2,77203279493453746012160.0
16.542,94.21,F#2,21356027187602734972928.0
16.552,96.90,G2,17970957801704363393024.0
16.562,96.90,G2,53187255057668561174528.0
16.572,96.90,G2,50406196492632567316480.0
16.582,94.21,F#2,33689752362859177705472.0
16.592,94.21,F#2,22038578333637471633408.0
16.602,94.21,F#2,26073828541755660697600.0
16.612,94.21,F#2,9048058263162887077888.0
16.622,94.21,F#2,18948681343705859227648.0
16.632,94.21,F#2,20151689007225125208064.0
16.642,94.21,F#2,16391358541384338374656.0
16.652,94.21,F#2,8629345356770938191872.0
16.662,94.21,F#2,10794956269516174131200.0
16.672,94.21,F#2,15420111110996347584512.0
16.682,94.21,F#2,5546616562274181054464.0
16.692,94.21,F#2,2398234274224546512896.0
16.702,83.44,E2,3057138479588814880768.0
16.712,83.44,E2,2108981991493993496576.0
16.722,83.44,E2,2150862781744939008000.0
16.732,91.52,F#2,1687767747365767479296.0
16.742,91.52,F#2,1261160984426773217280.0
16.752,94.21,F#2,1284895651232939769856.0
16.762,94.21,F#2,893097966396644261888.0
16.772,94.21,F#2,610560849724774023168.0
16.782,94.21,F#2,247000099315325206528.0
16.792,96.90,G2,237977491589263622144.0
16.802,96.90,G2,340224276979774783488.0
16.812,96.90,G2,378024351693600325632.0
16.822,96.90,G2,253460810486171959296.0
16.832,94.21,F#2,164135213584018735104.0
16.842,94.21,F#2,545285532612569530368.0
16.852,94.21,F#2,497639055775534874624.0
16.862,94.21,F#2,794706226047264227328.0
16.872,121.12,B2,838733038633690726400.0
16.882,121.12,B2,2085512055113275670528.0
16.892,121.12,B2,2004943439796438564864.0
16.902,96.90,G2,2488820134802731040768.0
16.912,96.90,G2,1966025037607961886720.0
16.922,96.90,G2,994303209606417743872.0
16.932,96.90,G2,464320221193626910720.0
16.941,91.52,F#2,241770835830821191680.0
16.951,102.28,G#2,252227983368656453632.0
16.961,86.13,F2,293480861503853461504.0
16.971,102.28,G#2,1122445854755705716736.0
16.981,88.82,F2,786281214486147760128.0
16.991,88.82,F2,1191715622925498843136.0
17.001,88.82,F2,928017335087679275008.0
17.011,88.82,F2,527775407168117866496.0
17.021,88.82,F2,572141856416940621824.0
17.031,91.52,F#2,1563904673088626753536.0
17.041,123.82,B2,11410986230275698065408.0
17.051,123.82,B2,30745398298293999501312.0
17.061,123.82,B2,10588841451249180082176.0
17.071,96.90,G2,590986610391492722688.0
17.081,96.90,G2,740926392454532694016.0
17.091,96.90,G2,202841816256306085888.0
17.101,96.90,G2,319325829879629807616.0
17.111,96.90,G2,602446347281459838976.0
17.121,96.90,G2,1166049852843854921728.0
17.131,94.21,F#2,1058607865962118643712.0
17.141,94.21,F#2,294458367333537054720.0
17.151,91.52,F#2,983613566984199077888.0
17.161,91.52,F#2,758322367629506641920.0
17.171,86.13,F2,551294869845939912704.0
17.181,86.13,F2,1053852639798443245568.0
17.191,80.75,E2,453449267242943643648.0
17.201,80.75,E2,458697045334605496320.0
17.211,86.13,F2,539866955303808532480.0
17.221,88.82,F2,754614764007670415360.0
17.231,88.82,F2,1047259965604563124224.0
17.241,88.82,F2,933670109458064867328.0
17.251,99.59,G2,884774147828690452480.0
17.261,99.59,G2,369102722418145099776.0
17.271,99.59,G2,223376330832049733632.0
17.281,99.59,G2,201785535001630212096.0
17.291,102.28,G#2,137563258124307070976.0
17.301,102.28,G#2,201322236554294984704.0
17.311,104.97,G#2,84442089553140285440.0
17.321,104.97,G#2,106170497059714695168.0
17.331,104.97,G#2,82571350593752940544.0
17.341,99.59,G2,105064926469340381184.0
17.351,99.59,G2,69194082623209619456.0
17.361,96.90,G2,211147537421466828800.0
17.371,96.90,G2,96235598633721249792.0
17.380,96.90,G2,28330671989544894464.0
17.390,96.90,G2,10118315552127430656.0
17.400,94.21,F#2,103208002531286941696.0
17.410,94.21,F#2,514874023363772022784.0
17.420,94.21,F#2,313942301375712198656.0
17.430,104.97,G#2,277010314670315995136.0
17.440,104.97,G#2,328686542964953120768.0
17.450,104.97,G#2,399157364242259443712.0
17.460,104.97,G#2,473659822416141877248.0
17.470,102.28,G#2,458434978438790447104.0
17.480,102.28,G#2,534056122384287596544.0
17.490,99.59,G2,900148029933331546112.0
17.500,99.59,G2,411190305668812636160.0
17.510,102.28,G#2,556473150869215576064.0
17.520,102.28,G#2,221615380181949546496.0
17.530,99.59,G2,427201281247409274880.0
17.540,102.28,G#2,465129373578089267200.0
17.550,94.21,F#2,447607803472373743616.0
17.560,94.21,F#2,117983338043384627200.0
17.570,102.28,G#2,463783492576283262976.0
17.580,102.28,G#2,311828856783295348736.0
17.590,99.59,G2,443029083508571701248.0
17.600,99.59,G2,11358864960192606371840.0
17.610,80.75,E2,262467107120220293038080.0
17.620,80.75,E2,457653203152366194393088.0
17.630,80.75,E2,204450876097673755099136.0
17.640,80.75,E2,44798520983460169908224.0
17.650,83.44,E2,29530665235247982968832.0
17.660,83.44,E2,15001930756202585653248.0
17.670,83.44,E2,11492354913418191306752.0
17.680,83.44,E2,3070881874183037911040.0
17.690,80.75,E2,1751340907061440937984.0
17.700,80.75,E2,1137182023252228571136.0
17.710,80.75,E2,3076489253437516021760.0
17.720,80.75,E2,2503264864646049824768.0
17.730,80.75,E2,1071434486433175044096.0
17.740,80.75,E2,2088467178602683695104.0
17.750,80.75,E2,1071669322778756513792.0
17.760,83.44,E2,468558222108331081728.0
17.770,86.13,F2,651519679042963898368.0
17.780,83.44,E2,1249158100867157327872.0
17.790,83.44,E2,1624535615465827336192.0
17.800,86.13,F2,798313148045164412928.0
17.810,86.13,F2,120275257580028837888.0
17.820,88.82,F2,248134064675931455488.0
17.829,88.82,F2,727371603456837681152.0
17.839,88.82,F2,760825773222580977664.0
17.849,88.82,F2,1645865755988283359232.0
17.859,80.75,E2,1210925201645452656640.0
17.869,80.75,E2,2314198602064189980672.0
17.879,80.75,E2,2737567731247899738112.0
17.889,80.75,E2,2957816317111709990912.0
17.899,80.75,E2,2443236217381577555968.0
17.909,80.75,E2,1175676428415008505856.0
17.919,80.75,E2,2609980382377396928512.0
17.929,80.75,E2,3513406393512046886912.0
17.939,80.75,E2,2310431530454359212032.0
17.949,80.75,E2,911133133032218427392.0
17.959,80.75,E2,834293876028556705792.0
17.969,91.52,F#2,775421611178801496064.0
17.979,86.13,F2,716671708768438190080.0
17.989,86.13,F2,614777599069139763200.0
17.999,86.13,F2,1236187664514333540352.0
18.009,86.13,F2,1277013077155217408000.0
18.019,83.44,E2,333565071448627150848.0
18.029,80.75,E2,1167007651423203885056.0
18.039,80.75,E2,338266841849945718784.0
18.049,80.75,E2,1910226931984651255808.0
18.059,86.13,F2,1169348713319399030784.0
18.069,86.13,F2,214715027208222212096.0
18.079,86.13,F2,1084535705410125824000.0
18.089,86.13,F2,834304603338898931712.0
18.099,86.13,F2,242006271084135514112.0
18.109,83.44,E2,341213155542838018048.0
18.119,86.13,F2,426062355783402061824.0
18.129,80.75,E2,587433573224085716992.0
18.139,86.13,F2,479235945220155047936.0
18.149,91.52,F#2,828156972149778939904.0
18.159,91.52,F#2,8229613965434863747072.0
18.169,86.13,F2,195021207903139824402432.0
18.179,94.21,F#2,349507356677013829058560.0
18.189,94.21,F#2,10712318252780856803328.0
18.199,96.90,G2,12757132869883463204864.0
18.209,96.90,G2,28015287446637878706176.0
18.219,102.28,G#2,30020999320675043770368.0
18.229,96.90,G2,6872827647242753015808.0
18.239,88.82,F2,1211045926532667932672.0
18.249,88.82,F2,2782165160892215853056.0
18.259,88.82,F2,4642694144456693645312.0
18.268,88.82,F2,5125520873498130513920.0
18.278,88.82,F2,1397831949053511598080.0
18.288,91.52,F#2,1076383047152232955904.0
18.298,83.44,E2,588167832672884162560.0
18.308,86.13,F2,532720473089281949696.0
18.318,83.44,E2,189628573397198110720.0
18.328,86.13,F2,774537893089933393920.0
18.338,83.44,E2,2864353989677414875136.0
18.348,80.75,E2,386222647894869147648.0
18.358,80.75,E2,3258937429221156323328.0
18.368,91.52,F#2,598538271265861926912.0
18.378,80.75,E2,529085424320682459136.0
18.388,86.13,F2,749071454806376841216.0
18.398,86.13,F2,593002594814539988992.0
18.408,86.13,F2,347114232142072578048.0
18.418,83.44,E2,425138464567263756288.0
18.428,83.44,E2,1737223958474926587904.0
18.438,80.75,E2,2715084667300141858816.0
18.448,80.75,E2,843469774172486893568.0
18.458,83.44,E2,3873126525700119986176.0
18.468,83.44,E2,1332975761259325292544.0
18.478,83.44,E2,1414752432194078375936.0
18.488,86.13,F2,423042288908567773184.0
18.498,86.13,F2,511005517085890904064.0
18.508,118.43,A#2,994840603320480563200.0
18.518,118.43,A#2,905081542401891237888.0
18.528,110.36,A2,813109960921764462592.0
18.538,110.36,A2,1513324358079790972928.0
18.548,123.82,B2,9045639792330022060032.0
18.558,110.36,A2,5246373543173966266368.0
18.568,96.90,G2,1727142565083386216448.0
18.578,86.13,F2,3254518513428649213952.0
18.588,83.44,E2,2725867757192892907520.0
18.598,83.44,E2,1557514441060516364288.0
18.608,86.13,F2,914690298979189129216.0
18.618,99.59,G2,295812457306481754112.0
18.628,123.82,B2,360045221290889117696.0
18.638,123.82,B2,241311333839549857792.0
18.648,123.82,B2,156658920425714188288.0
18.658,123.82,B2,175294617668151115776.0
18.668,102.28,G#2,154698137912968904704.0
18.678,94.21,F#2,170003591063310270464.0
18.688,94.21,F#2,67411712201798959104.0
18.698,94.21,F#2,76057538017940684800.0
18.707,94.21,F#2,110002781708852396032.0
18.717,94.21,F#2,192421053654068527104.0
18.727,94.21,F#2,215576987938476490752.0
18.737,94.21,F#2,176440766863990161408.0
18.747,123.82,B2,553258496448026640384.0
18.757,123.82,B2,646777826713235095552.0
18.767,123.82,B2,551969500567923523584.0
18.777,123.82,B2,974021795453121331200.0
18.787,91.52,F#2,757841965615533916160.0
18.797,83.44,E2,404740067997699866624.0
18.807,83.44,E2,219267526029264060416.0
18.817,80.75,E2,370672547015872086016.0
18.827,80.75,E2,1805603898130922471424.0
18.837,80.75,E2,807577157911053729792.0
18.847,80.75,E2,790864598043686731776.0
18.857,80.75,E2,205143984463150252032.0
18.867,80.75,E2,176076241979283472384.0
18.877,80.75,E2,933732012393066921984.0
18.887,80.75,E2,541748820797890494464.0
18.897,80.75,E2,441510734959170093056.0
18.907,80.75,E2,251295614499009003520.0
18.917,83.44,E2,1364652533121161363456.0
18.927,83.44,E2,625879611450900348928.0
18.937,80.75,E2,886843498306538045440.0
18.947,80.75,E2,585445663297389002752.0
18.957,80.75,E2,480040900266036822016.0
18.967,80.75,E2,1413573471054308573184.0
18.977,104.97,G#2,659929893779862454272.0
18.987,107.67,A2,147987840803025321984.0
18.997,107.67,A2,1365376365460645740544.0
19.007,107.67,A2,2632270974649969934336.0
19.017,107.67,A2,1154014440183665655808.0
19.027,104.97,G#2,537316471492642078720.0
19.037,102.28,G#2,604387924867620012032.0
19.047,102.28,G#2,1149895847173069078528.0
19.057,104.97,G#2,1390774889170125717504.0
19.067,104.97,G#2,1472215507300579278848.0
19.077,104.97,G#2,2072613443016708849664.0
19.087,104.97,G#2,2240529508929960935424.0
19.097,104.97,G#2,4514184646028129992704.0
19.107,104.97,G#2,2169925207104663846912.0
19.117,104.97,G#2,2716887185617614012416.0
19.127,104.97,G#2,721276297257149399040.0
19.137,80.75,E2,416002118958245740544.0
19.146,80.75,E2,482051932951305125888.0
19.156,80.75,E2,495755790563788062720.0
19.166,80.75,E2,207541475442535727104.0
19.176,80.75,E2,442653318636619169792.0
19.186,80.75,E2,760724767500853182464.0
19.196,80.75,E2,683027607930757054464.0
19.206,80.75,E2,791261344730353238016.0
19.216,80.75,E2,1020793426199301849088.0
19.226,80.75,E2,449018847145925935104.0
19.236,80.75,E2,382509734229689565184.0
19.246,80.75,E2,425140215778635874304.0
19.256,80.75,E2,167410889690022805504.0
19.266,83.44,E2,92689500926188830720.0
19.276,99.59,G2,140979808369095557120.0
19.286,102.28,G#2,4794067941933744914432.0
19.296,99.59,G2,132216484705453693992960.0
19.306,102.28,G#2,111207702767778813444096.0
19.316,99.59,G2,39704414424034170634240.0
19.326,94.21,F#2,1980948109816052318208.0
19.336,88.82,F2,4038170116277574565888.0
19.346,88.82,F2,7384571270108866936832.0
19.356,88.82,F2,5660760352928012697600.0
19.366,80.75,E2,32738903606735656714240.0
19.376,80.75,E2,30916373297781222146048.0
19.386,102.28,G#2,5724504738694363611136.0
19.396,102.28,G#2,15238637435433961652224.0
19.406,102.28,G#2,14398536727613052813312.0
19.416,102.28,G#2,10560547396121989742592.0
19.426,102.28,G#2,5332233300006583402496.0
19.436,102.28,G#2,1183905065380573085696.0
19.446,102.28,G#2,2699502892030415077376.0
19.456,102.28,G#2,1825791256012208472064.0
19.466,99.59,G2,4549866074532071079936.0
19.476,99.59,G2,48422335709601215807488.0
19.486,96.90,G2,231025180819548232744960.0
19.496,96.90,G2,76863279465546655989760.0
19.506,88.82,F2,174238355008373055815680.0
19.516,80.75,E2,74365590172991194398720.0
19.526,80.75,E2,36442430190698669015040.0
19.536,80.75,E2,49242777392350134009856.0
19.546,80.75,E2,25625922302541519912960.0
19.556,80.75,E2,11505895704460213092352.0
19.566,80.75,E2,6740495048470589079552.0
19.576,83.44,E2,6465280318769023942656.0
19.585,88.82,F2,7913766891706673790976.0
19.595,83.44,E2,6787672517269721710592.0
19.605,83.44,E2,4398065698223279833088.0
19.615,80.75,E2,8159626263038350327808.0
19.625,80.75,E2,4386184663000183472128.0
19.635,80.75,E2,654420479462678724608.0
19.645,86.13,F2,2184277026902899425280.0
19.655,86.13,F2,3750358511764067319808.0
19.665,104.97,G#2,4091333844024436981760.0
19.675,104.97,G#2,2827441243013297733632.0
19.685,104.97,G#2,718649517730503196672.0
19.695,91.52,F#2,2489164919724732579840.0
19.705,91.52,F#2,1859772594402956673024.0
19.715,91.52,F#2,1493201839437284638720.0
19.725,102.28,G#2,2471400715162760511488.0
19.735,107.67,A2,3624874505420522127360.0
19.745,107.67,A2,4074102283686673121280.0
19.755,107.67,A2,4489191971025919672320.0
19.765,107.67,A2,3830332045285008080896.0
19.775,86.13,F2,1485647814171127709696.0
19.785,86.13,F2,414807057746881150976.0
19.795,86.13,F2,557505084636818964480.0
19.805,94.21,F#2,455336779036883681280.0
19.815,96.90,G2,658668828314770210816.0
19.825,96.90,G2,1204475731035794178048.0
19.835,94.21,F#2,1322785716718499790848.0
19.845,96.90,G2,3014985291066619461632.0
19.855,94.21,F#2,1217680161224743452672.0
19.865,94.21,F#2,1484653102223580725248.0
19.875,83.44,E2,1957280741458009128960.0
19.885,80.75,E2,1222620676887558225920.0
19.895,80.75,E2,2943878055386166067200.0
19.905,83.44,E2,4442413823058539184128.0
19.915,80.75,E2,1331695766955187765248.0
19.925,80.75,E2,1415460447329898987520.0
19.935,99.59,G2,3611362342058594926592.0
19.945,80.75,E2,4411763721591580000256.0
19.955,80.75,E2,769933852909958725632.0
19.965,80.75,E2,2468198836563665223680.0
19.975,80.75,E2,3166039687783306493952.0
19.985,80.75,E2,2411482428637415211008.0
19.995,80.75,E2,809875652585896280064.0
20.005,80.75,E2,979552481532363800576.0
20.015,80.75,E2,1280472130013941989376.0
20.024,88.82,F2,1370562614439279067136.0
20.034,102.28,G#2,1267155399799711989760.0
20.044,107.67,A2,16929735188550307020800.0
20.054,107.67,A2,12665570549431319658496.0
20.064,104.97,G#2,4295921582547478249472.0
20.074,104.97,G#2,1167475573403688370176.0
20.084,86.13,F2,742873821604265459712.0
20.094,80.75,E2,1761324530627021635584.0
20.104,80.75,E2,609666383906670510080.0
20.114,80.75,E2,206917578790636748800.0
20.124,80.75,E2,210591627816953937920.0
20.134,80.75,E2,516507989076356890624.0
20.144,80.75,E2,322831365359245000704.0
20.154,80.75,E2,292189783798445178880.0
20.164,80.75,E2,397340923657077391360.0
20.174,80.75,E2,871561561338717405184.0
20.184,80.75,E2,361465926905839026176.0
20.194,80.75,E2,179510824695587405824.0
20.204,80.75,E2,432274726971889156096.0
20.214,80.75,E2,747294005439344279552.0
20.224,80.75,E2,1324017798661664407552.0
20.234,83.44,E2,720973037179875360768.0
20.244,83.44,E2,706203213736706572288.0
20.254,80.75,E2,1349396799639825940480.0
20.264,80.75,E2,4528858554375304904704.0
20.274,80.75,E2,1447022916556961873920.0
20.284,80.75,E2,1408070466900521910272.0
20.294,80.75,E2,915026144873525018624.0
20.304,80.75,E2,995391353175682973696.0
20.314,80.75,E2,677564180661938946048.0
20.324,80.75,E2,1168834680004337467392.0
20.334,80.75,E2,244216820377103040512.0
20.344,80.75,E2,240558089206090924032.0
20.354,80.75,E2,158463418661566709760.0
20.364,80.75,E2,400653883833849217024.0
20.374,80.75,E2,352070345704206237696.0
20.384,104.97,G#2,176440501365696954368.0
20.394,104.97,G#2,169220105739882233856.0
20.404,104.97,G#2,187117718742759342080.0
20.414,83.44,E2,162576658091791843328.0
20.424,80.75,E2,142071701761504772096.0
20.434,80.75,E2,229626563484330655744.0
20.444,80.75,E2,176418219673073123328.0
20.454,80.75,E2,126772584648905506816.0
20.463,80.75,E2,269537953918098866176.0
20.473,80.75,E2,50023688640077078528.0
20.483,80.75,E2,139266375750149980160.0
20.493,80.75,E2,292372418781854400512.0
20.503,80.75,E2,51864585954620489728.0
20.513,102.28,G#2,91501094424151932928.0
20.523,102.28,G#2,87485005008138043392.0
20.533,102.28,G#2,35275486819861188608.0
20.543,102.28,G#2,48184118315516485632.0
20.553,80.75,E2,36928570923014176768.0
20.563,80.75,E2,43477186478948941824.0
20.573,80.75,E2,121023403895361470464.0
20.583,80.75,E2,96608604334018609152.0
20.593,83.44,E2,2210260714456381128704.0
20.603,83.44,E2,165829977392927037456384.0
20.613,88.82,F2,221130472164923273117696.0
20.623,80.75,E2,137379858904570075807744.0
20.633,80.75,E2,44210382477862084018176.0
20.643,80.75,E2,17891023607286544203776.0
20.653,80.75,E2,8602905364886634627072.0
20.663,80.75,E2,4384717360668118876160.0
20.673,80.75,E2,1897984749822201036800.0
20.683,80.75,E2,1192822115547685584896.0
20.693,80.75,E2,2131039926401223884800.0
20.703,80.75,E2,4054532914583315677184.0
20.713,80.75,E2,4165634370106728906752.0
20.723,80.75,E2,6628478509401750110208.0
20.733,80.75,E2,2182179585115800207360.0
20.743,80.75,E2,2936794462701792264192.0
20.753,80.75,E2,3708696007162535608320.0
20.763,80.75,E2,2181713741305843810304.0
20.773,80.75,E2,2505547122074885029888.0
20.783,80.75,E2,1810871745144214257664.0
20.793,80.75,E2,2613772334353828806656.0
20.803,80.75,E2,9155376266327398285312.0
20.813,94.21,F#2,4035702235742774231040.0
20.823,80.75,E2,1130163983060727758848.0
20.833,91.52,F#2,1567475079693911195648.0
20.843,94.21,F#2,1891527028729663455232.0
20.853,94.21,F#2,7881323519931105411072.0
20.863,94.21,F#2,5570834092165730140160.0
20.873,94.21,F#2,1976541982548422295552.0
20.883,94.21,F#2,1029731985817706692608.0
20.893,94.21,F#2,1378061924642384248832.0
20.902,94.21,F#2,1982043246885881774080.0
20.912,94.21,F#2,1504345599839987826688.0
20.922,94.21,F#2,1034759734653887053824.0
20.932,94.21,F#2,1142438399719702528000.0
20.942,94.21,F#2,2012874950154289676288.0
20.952,94.21,F#2,1676689986148363927552.0
20.962,94.21,F#2,1355032913412238082048.0
20.972,91.52,F#2,474490782614431399936.0
20.982,91.52,F#2,922280030777745080320.0
20.992,91.52,F#2,988809053195951931392.0
21.002,80.75,E2,1803160001699023421440.0
21.012,80.75,E2,2648317624903903215616.0
21.022,80.75,E2,1408246193972097056768.0
21.032,123.82,B2,1120174627528373043200.0
21.042,123.82,B2,1282553586881642889216.0
21.052,123.82,B2,2046993873595344617472.0
21.062,123.82,B2,1651563004088894619648.0
21.072,123.82,B2,634211195292285665280.0
21.082,123.82,B2,454016903991550214144.0
21.092,123.82,B2,460804198283250171904.0
21.102,123.82,B2,849203765333810085888.0
21.112,94.21,F#2,1174950657305657737216.0
21.122,94.21,F#2,1714650597519464333312.0
21.132,94.21,F#2,1405601774195355680768.0
21.142,94.21,F#2,812202106985725427712.0
21.152,94.21,F#2,5063827321146088357888.0
21.162,94.21,F#2,71374333899344950853632.0
21.172,91.52,F#2,476341009197954427256832.0
21.182,91.52,F#2,437036912048250663469056.0
21.192,91.52,F#2,243416762532033349025792.0
21.202,83.44,E2,118486568896602809827328.0
21.212,91.52,F#2,42958171974961576542208.0
21.222,94.21,F#2,28892283783462967574528.0
21.232,94.21,F#2,9135748700595885703168.0
21.242,80.75,E2,10139167937709274562560.0
21.252,80.75,E2,3538322344580202102784.0
21.262,80.75,E2,6859316981921243725824.0
21.272,80.75,E2,2937898569121065861120.0
21.282,80.75,E2,6412353472874597580800.0
21.292,94.21,F#2,2390028820349578117120.0
21.302,121.12,B2,3190760690096192618496.0
21.312,123.82,B2,2599265031145914892288.0
21.322,123.82,B2,1088038992211528122368.0
21.332,123.82,B2,3365811854381537034240.0
21.341,121.12,B2,5514410327389571645440.0
21.351,91.52,F#2,1286861920353254375424.0
21.361,91.52,F#2,1295515003303106969600.0
21.371,91.52,F#2,3934104758412912361472.0
21.381,91.52,F#2,13788303720454689914880.0
21.391,91.52,F#2,6801508058276076453888.0
21.401,94.21,F#2,954140561965042237440.0
21.411,123.82,B2,584721903750748635136.0
21.421,123.82,B2,2186239895635802718208.0
21.431,94.21,F#2,1433355561455206268928.0
21.441,94.21,F#2,3723741211043214393344.0
21.451,94.21,F#2,7314190286955124621312.0
21.461,91.52,F#2,4519900136439782309888.0
21.471,91.52,F#2,1391487627204699619328.0
21.481,91.52,F#2,4260934952878363639808.0
21.491,91.52,F#2,3864565816728492703744.0
21.501,91.52,F#2,975684060783545286656.0
21.511,91.52,F#2,847020165231379087360.0
21.521,91.52,F#2,2465369111188868694016.0
21.531,94.21,F#2,2515858506917040095232.0
21.541,94.21,F#2,5532749745319353253888.0
21.551,94.21,F#2,5964532425873558601728.0
21.561,94.21,F#2,2649662800515081175040.0
21.571,94.21,F#2,940511753086045913088.0
21.581,94.21,F#2,465265776353472872448.0
21.591,94.21,F#2,2053041805755496529920.0
21.601,91.52,F#2,1796885644499639599104.0
21.611,91.52,F#2,559970500134612893696.0
21.621,91.52,F#2,420032313350318260224.0
21.631,94.21,F#2,361271310900777320448.0
21.641,94.21,F#2,588680756239606874112.0
21.651,94.21,F#2,1222099411056611033088.0
21.661,94.21,F#2,1100206762920245723136.0
21.671,94.21,F#2,1645250793709364314112.0
21.681,94.21,F#2,1468923898281662349312.0
21.691,94.21,F#2,608707492111103164416.0
21.701,123.82,B2,535285479459826368512.0
21.711,123.82,B2,857191137026401632256.0
21.721,123.82,B2,1804009539228684517376.0
21.731,91.52,F#2,2705894749741742292992.0
21.741,91.52,F#2,3703090123540699545600.0
21.751,91.52,F#2,2996441038744182063104.0
21.761,91.52,F#2,1314074109084354215936.0
21.771,91.52,F#2,2959778696277040037888.0
21.780,94.21,F#2,2021129102827467571200.0
21.790,91.52,F#2,943397995316137033728.0
21.800,94.21,F#2,408575018366217551872.0
21.810,94.21,F#2,477716130323746717696.0
21.820,94.21,F#2,820287215796039188480.0
21.830,96.90,G2,988491622510429077504.0
21.840,96.90,G2,1420330748041905307648.0
21.850,96.90,G2,399961876628531511296.0
21.860,94.21,F#2,402118009217008271360.0
21.870,94.21,F#2,1441685112379283603456.0
21.880,94.21,F#2,719692497265596956672.0
21.890,94.21,F#2,261846212771238739968.0
21.900,94.21,F#2,733689512163581100032.0
21.910,94.21,F#2,666571369927605485568.0
21.920,94.21,F#2,414061373934733099008.0
21.930,94.21,F#2,873199675020103516160.0
21.940,94.21,F#2,1149035986431305318400.0
21.950,94.21,F#2,1484940918859874959360.0
21.960,94.21,F#2,1092190949345755922432.0
21.970,94.21,F#2,310920506356900298752.0
21.980,91.52,F#2,516211574598186369024.0
21.990,91.52,F#2,642261594646094938112.0
22.000,91.52,F#2,233061162765078134784.0
22.010,91.52,F#2,102411798664479244288.0
22.020,91.52,F#2,285280308600945246208.0
22.030,94.21,F#2,736833695236408737792.0
22.040,91.52,F#2,837684935999923945472.0
22.050,91.52,F#2,397648109076556480512.0
22.060,94.21,F#2,802453140854137946112.0
22.070,91.52,F#2,1159442757716900708352.0
22.080,91.52,F#2,733573644871842136064.0
22.090,91.52,F#2,615145866890680467456.0
22.100,94.21,F#2,1016326821860189143040.0
22.110,91.52,F#2,745306337759808323584.0
22.120,94.21,F#2,1359214635083680972800.0
22.130,94.21,F#2,2532390036666388054016.0
22.140,94.21,F#2,1355820481320959082496.0
22.150,91.52,F#2,1664043539027326926848.0
22.160,91.52,F#2,2689076508408287330304.0
22.170,91.52,F#2,1150114040333743685632.0
22.180,83.44,E2,1904247352654676885504.0
22.190,83.44,E2,1081255997606828572672.0
22.200,86.13,F2,305389336604911140864.0
22.210,86.13,F2,1344368284441376194560.0
22.220,83.44,E2,3740445535705320390656.0
22.229,83.44,E2,5036360376180755398656.0
22.239,80.75,E2,4812666096431412543488.0
22.249,80.75,E2,3985229865551410495488.0
22.259,80.75,E2,1744954989021771595776.0
22.269,80.75,E2,3489821820068233740288.0
22.279,80.75,E2,4343813925376615251968.0
22.289,80.75,E2,79046307991460679516160.0
22.299,88.82,F2,150914833046682340425728.0
22.309,99.59,G2,170199513388327710490624.0
22.319,99.59,G2,66487495303603624607744.0
22.329,96.90,G2,39763894064702103224320.0
22.339,96.90,G2,38288120053679125430272.0
22.349,96.90,G2,43228428478284499517440.0
22.359,96.90,G2,27348126709871041052672.0
22.369,96.90,G2,43480549765857444626432.0
22.379,94.21,F#2,9638949581412664082432.0
22.389,94.21,F#2,14062008431186557272064.0
22.399,94.21,F#2,5594958698063474982912.0
22.409,94.21,F#2,4769968956891303247872.0
22.419,94.21,F#2,2410817721958036668416.0
22.429,94.21,F#2,2897894439697008033792.0
22.439,94.21,F#2,6219357779114594402304.0
22.449,94.21,F#2,4884331710401315078144.0
22.459,94.21,F#2,1143150325953869381632.0
22.469,94.21,F#2,5437930847697591336960.0
22.479,86.13,F2,165001171315426909487104.0
22.489,86.13,F2,485571577551172472406016.0
22.499,86.13,F2,134538929639907492102144.0
22.509,86.13,F2,92793081540360370388992.0
22.519,86.13,F2,70282640657600435191808.0
22.529,91.52,F#2,84087260560063331303424.0
22.539,91.52,F#2,52227465585776291479552.0
22.549,121.12,B2,24004794770176920780800.0
22.559,121.12,B2,12769897983127878369280.0
22.569,121.12,B2,21059391969213781377024.0
22.579,121.12,B2,58204489707874110406656.0
22.589,121.12,B2,19028787526110881513472.0
22.599,121.12,B2,3525610648139908775936.0
22.609,121.12,B2,16677590321225472671744.0
22.619,121.12,B2,25623685873955080503296.0
22.629,121.12,B2,7268444934937767837696.0
22.639,121.12,B2,1719312934877793615872.0
22.649,121.12,B2,8761699997392784326656.0
22.659,118.43,A#2,11416187515150599716864.0
22.668,121.12,B2,13185946551630316961792.0
22.678,121.12,B2,16690629721319544979456.0
22.688,121.12,B2,25247803434020118724608.0
22.698,121.12,B2,20489560548155120943104.0
22.708,121.12,B2,6460265706083274719232.0
22.718,121.12,B2,6040620187638152822784.0
22.728,121.12,B2,1449504455828398931968.0
22.738,121.12,B2,3649774036676264329216.0
22.748,121.12,B2,3721949910331300511744.0
22.758,121.12,B2,8309927068767817302016.0
22.768,121.12,B2,2334786783049727868928.0
22.778,121.12,B2,8156052503962753957888.0
22.788,121.12,B2,5334134992026202013696.0
22.798,121.12,B2,9876802819263280709632.0
22.808,118.43,A#2,3623365311331421913088.0
22.818,118.43,A#2,3885271824689083187200.0
22.828,107.67,A2,2290847912233587441664.0
22.838,96.90,G2,4711620960441570689024.0
22.848,96.90,G2,1504006683442276204544.0
22.858,96.90,G2,4066726504923313733632.0
22.868,121.12,B2,12577259491222817341440.0
22.878,121.12,B2,7364927729942986227712.0
22.888,121.12,B2,8745549186887453769728.0
22.898,121.12,B2,3328015598687597625344.0
22.908,123.82,B2,2279152898574703394816.0
22.918,121.12,B2,1139265640404627357696.0
22.928,123.82,B2,2602669474605500989440.0
22.938,123.82,B2,1807084256063141969920.0
22.948,123.82,B2,5273509758126132297728.0
22.958,121.12,B2,2245001338110061838336.0
22.968,121.12,B2,10254772810725411782656.0
22.978,121.12,B2,7440252083068624437248.0
22.988,118.43,A#2,6536868173272284397568.0
22.998,118.43,A#2,3290250673717465579520.0
23.008,118.43,A#2,3496904849654995222528.0
23.018,118.43,A#2,4630963078693493669888.0
23.028,118.43,A#2,3285426466509056114688.0
23.038,115.74,A#2,3692429275277127319552.0
23.048,115.74,A#2,8956102570084463017984.0
23.058,115.74,A#2,4592156451769124651008.0
23.068,115.74,A#2,3753620943380885274624.0
23.078,115.74,A#2,1587525319478924279808.0
23.088,115.74,A#2,1221940492859171930112.0
23.098,121.12,B2,3655847874297008750592.0
23.107,121.12,B2,2588602518669809942528.0
23.117,121.12,B2,4918429151858508431360.0
23.127,121.12,B2,2091220174405066031104.0
23.137,121.12,B2,2082670968887061250048.0
23.147,121.12,B2,1594476063225236946944.0
23.157,121.12,B2,2635685347987977404416.0
23.167,123.82,B2,3014408729743494479872.0
23.177,123.82,B2,1741495174996747354112.0
23.187,123.82,B2,1195568714032336601088.0
23.197,123.82,B2,1733752251981127745536.0
23.207,118.43,A#2,1215082122265575030784.0
23.217,115.74,A#2,358359700203930320896.0
23.227,118.43,A#2,1204043503058208423936.0
23.237,118.43,A#2,484569388254949343232.0
23.247,118.43,A#2,601387312883330187264.0
23.257,115.74,A#2,361094903948741443584.0
23.267,94.21,F#2,314598958314923884544.0
23.277,94.21,F#2,894896142575865167872.0
23.287,94.21,F#2,229059802707300876288.0
23.297,94.21,F#2,483613808446127669248.0
23.307,96.90,G2,255039644338830508032.0
23.317,115.74,A#2,415710965232169058304.0
23.327,115.74,A#2,278497038837301248000.0
23.337,118.43,A#2,852065639695301345280.0
23.347,121.12,B2,744586415790953988096.0
23.357,118.43,A#2,466235876585481633792.0
23.367,104.97,G#2,192637529458087985152.0
23.377,104.97,G#2,155096098475981635584.0
23.387,99.59,G2,301319347012581064704.0
23.397,99.59,G2,2490365887852067160064.0
23.407,94.21,F#2,1794831242028885213184.0
23.417,94.21,F#2,891914145128659156992.0
23.427,91.52,F#2,1263396727132731473920.0
23.437,88.82,F2,527139096110532067328.0
23.447,88.82,F2,1204762656036190420992.0
23.457,88.82,F2,615852417255894286336.0
23.467,88.82,F2,504352080333074464768.0
23.477,121.12,B2,91113161147973386240.0
23.487,121.12,B2,296626799249759404032.0
23.497,121.12,B2,459798159405411008512.0
23.507,121.12,B2,516413345508540678144.0
23.517,121.12,B2,326516264822835642368.0
23.527,121.12,B2,460944691258031538176.0
23.537,121.12,B2,731736710047482380288.0
23.546,121.12,B2,513938850940462366720.0
23.556,121.12,B2,362389883934192828416.0
23.566,83.44,E2,861132767434850828288.0
23.576,83.44,E2,723458332017075159040.0
23.586,80.75,E2,1480453262468187684864.0
23.596,80.75,E2,30226380958215325089792.0
23.606,80.75,E2,438277854339123988398080.0
23.616,83.44,E2,731145341751006054055936.0
23.626,80.75,E2,60219174420528284827648.0
23.636,83.44,E2,59524066698760195932160.0
23.646,83.44,E2,45501776137044596097024.0
23.656,83.44,E2,14751261895849303605248.0
23.666,80.75,E2,6540042094954862870528.0
23.676,80.75,E2,1444025648704983662592.0
23.686,80.75,E2,8591766586371567779840.0
23.696,80.75,E2,9733205024824528732160.0
23.706,80.75,E2,3624216772664793497600.0
23.716,80.75,E2,5056410849684028915712.0
23.726,88.82,F2,2299894085291421728768.0
23.736,88.82,F2,3474476826611138166784.0
23.746,88.82,F2,686470621319178223616.0
23.756,80.75,E2,266789579606201892864.0
23.766,88.82,F2,308837539101828055040.0
23.776,94.21,F#2,542890563502199472128.0
23.786,94.21,F#2,603111178435986980864.0
23.796,94.21,F#2,587165800939166433280.0
23.806,94.21,F#2,267522272899013410816.0
23.816,88.82,F2,1957005324366719746048.0
23.826,86.13,F2,3677671758585945653248.0
23.836,83.44,E2,6066134971530334961664.0
23.846,86.13,F2,13199559217041020813312.0
23.856,83.44,E2,5324764460867039264768.0
23.866,83.44,E2,3313104737342078320640.0
23.876,83.44,E2,2064396591639974641664.0
23.886,83.44,E2,877559179614092656640.0
23.896,83.44,E2,479432238296448630784.0
23.906,80.75,E2,662682515324413935616.0
23.916,80.75,E2,150129847457453604864.0
23.926,86.13,F2,590989575169849032704.0
23.936,86.13,F2,1260035942983491387392.0
23.946,86.13,F2,1061805331624502886400.0
23.956,86.13,F2,2162996799800783667200.0
23.966,86.13,F2,1898697990831609741312.0
23.976,86.13,F2,4944622798883431383040.0
23.985,86.13,F2,3775948921576497872896.0
23.995,86.13,F2,2694447844641904525312.0
24.005,83.44,E2,1170920201202174132224.0
24.015,83.44,E2,1575065144774981844992.0
24.025,83.44,E2,3500773012608498270208.0
24.035,83.44,E2,1561363611969072660480.0
24.045,83.44,E2,6213817345287270694912.0
24.055,86.13,F2,3617987354681097060352.0
24.065,83.44,E2,1761468793436084371456.0
24.075,83.44,E2,3871574320136266973184.0
24.085,86.13,F2,227450028694544941056.0
24.095,83.44,E2,1499463883796119027712.0
24.105,83.44,E2,320707658358739369984.0
24.115,83.44,E2,367264799213300023296.0
24.125,83.44,E2,259524518446190821376.0
24.135,80.75,E2,426131204352728563712.0
24.145,80.75,E2,1040283180076988497920.0
24.155,80.75,E2,6520659984999788838912.0
24.165,80.75,E2,122277334756619299323904.0
24.175,80.75,E2,47089041451886571421696.0
24.185,88.82,F2,171330406318385445994496.0
24.195,88.82,F2,54811516480805320785920.0
24.205,86.13,F2,44004132566695283785728.0
24.215,86.13,F2,13033885582904765972480.0
24.225,83.44,E2,1093049448936206630912.0
24.235,83.44,E2,1584875398124354666496.0
24.245,83.44,E2,4918281364957520986112.0
24.255,83.44,E2,22651475690622032019456.0
24.265,83.44,E2,16128095238254957166592.0
24.275,83.44,E2,10153632367395584606208.0
24.285,83.44,E2,5214798263601602756608.0
24.295,86.13,F2,3515932558628837392384.0
24.305,86.13,F2,1327039410651316092928.0
24.315,107.67,A2,842608672217151700992.0
24.325,121.12,B2,488882625617242882048.0
24.335,121.12,B2,1752928623878519128064.0
24.345,121.12,B2,1973833477325866139648.0
24.355,121.12,B2,3427967382343246151680.0
24.365,123.82,B2,2615701981168788307968.0
24.375,123.82,B2,2073600647431739408384.0
24.385,123.82,B2,13340347704848729243648.0
24.395,123.82,B2,20614604481561582632960.0
24.405,123.82,B2,10629228928777429450752.0
24.415,123.82,B2,14316529564508269576192.0
24.424,123.82,B2,7294118705825057865728.0
24.434,123.82,B2,5152179355255513808896.0
24.444,94.21,F#2,1934895438758644285440.0
24.454,94.21,F#2,1986578769354512924672.0
24.464,94.21,F#2,8698990847963241119744.0
24.474,94.21,F#2,3967011493781715288064.0
24.484,94.21,F#2,4949852135344254746624.0
24.494,94.21,F#2,5073696493483677712384.0
24.504,94.21,F#2,2221849095689468379136.0
24.514,94.21,F#2,9001351471708391866368.0
24.524,94.21,F#2,6465297567583518588928.0
24.534,94.21,F#2,10388435857625749389312.0
24.544,94.21,F#2,15641116690767744598016.0
24.554,94.21,F#2,3075669403072168722432.0
24.564,94.21,F#2,2854022378203241775104.0
24.574,94.21,F#2,4180082410224647405568.0
24.584,94.21,F#2,3915273884633864339456.0
24.594,94.21,F#2,2483209703382738534400.0
24.604,94.21,F#2,978426330827815649280.0
24.614,94.21,F#2,1827525646354472501248.0
24.624,94.21,F#2,978995268126823940096.0
24.634,94.21,F#2,1030179873973158150144.0
24.644,96.90,G2,631488236413355032576.0
24.654,96.90,G2,775864546592717406208.0
24.664,96.90,G2,1136917980436862861312.0
24.674,99.59,G2,847766300075870126080.0
24.684,99.59,G2,1863819239638836707328.0
24.694,99.59,G2,1048898828172232622080.0
24.704,99.59,G2,787025060905165783040.0
24.714,99.59,G2,689726680220536274944.0
24.724,102.28,G#2,1654241276328464875520.0
24.734,102.28,G#2,1072492022919741308928.0
24.744,107.67,A2,155455109973232713728.0
24.754,110.36,A2,743614806027935940608.0
24.764,110.36,A2,1332658694910904631296.0
24.774,107.67,A2,1586658727017076228096.0
24.784,107.67,A2,335800039960016322560.0
24.794,107.67,A2,820977587963284684800.0
24.804,107.67,A2,1450910696738150154240.0
24.814,107.67,A2,1253466450053448597504.0
24.824,107.67,A2,622305435519765315584.0
24.834,107.67,A2,119928466563930210304.0
24.844,107.67,A2,273895295057146511360.0
24.854,107.67,A2,832807653909135491072.0
24.863,107.67,A2,1995270306589133242368.0
24.873,107.67,A2,1839571239971601252352.0
24.883,91.52,F#2,1158234726613076148224.0
24.893,88.82,F2,227365394614775414784.0
24.903,88.82,F2,5137720627257076088832.0
24.913,88.82,F2,117374151596754545410048.0
24.923,88.82,F2,296568504036016561061888.0
24.933,86.13,F2,215321726493218345844736.0
24.943,86.13,F2,79279136609982599921664.0
24.953,86.13,F2,102021489508216482037760.0
24.963,86.13,F2,52403001689397318909952.0
24.973,86.13,F2,10339340355146377854976.0
24.983,123.82,B2,4986876354326750560256.0
24.993,123.82,B2,9751208327059479724032.0
25.003,123.82,B2,8808965123800976850944.0
25.013,88.82,F2,4236394232555194810368.0
25.023,88.82,F2,1758880632593056792576.0
25.033,88.82,F2,3105782566073366740992.0
25.043,91.52,F#2,563581463362320924672.0
25.053,96.90,G2,1039263315282308759552.0
25.063,96.90,G2,953612759622001360896.0
25.073,91.52,F#2,2115577676662650699776.0
25.083,80.75,E2,23198300116362285023232.0
25.093,80.75,E2,164960801425776372088832.0
25.103,80.75,E2,160781562161262804074496.0
25.113,80.75,E2,91662158210504450899968.0
25.123,80.75,E2,14672124126435253157888.0
25.133,80.75,E2,12417523620148192215040.0
25.143,80.75,E2,6541682888826482065408.0
25.153,80.75,E2,1608375568935788740608.0
25.163,80.75,E2,5196502105835939299328.0
25.173,80.75,E2,4071565283494367068160.0
25.183,104.97,G#2,1838300819030796664832.0
25.193,104.97,G#2,1002439651940482809856.0
25.203,107.67,A2,350776880217612550144.0
25.213,107.67,A2,1003496467326183276544.0
25.223,107.67,A2,1046690079304219230208.0
25.233,104.97,G#2,599605938555517403136.0
25.243,104.97,G#2,405105393445851234304.0
25.253,99.59,G2,320356933060049698816.0
25.263,94.21,F#2,573184225693445849088.0
25.273,86.13,F2,2440516788648989425664.0
25.283,86.13,F2,7548809861711808954368.0
25.293,80.75,E2,37230493754759573405696.0
25.302,80.75,E2,93608766350195333005312.0
25.312,80.75,E2,92493887419850655006720.0
25.322,80.75,E2,48357748302613581922304.0
25.332,80.75,E2,60695462237359954722816.0
25.342,83.44,E2,42551651937247851184128.0
25.352,83.44,E2,93335409058865410473984.0
25.362,83.44,E2,35665277319752523448320.0
25.372,83.44,E2,23910375572312132943872.0
25.382,80.75,E2,20696240566625485455360.0
25.392,80.75,E2,69992835969934627438592.0
25.402,80.75,E2,50144296138843575287808.0
25.412,80.75,E2,4884767286751991431168.0
25.422,80.75,E2,18213110257243849228288.0
25.432,80.75,E2,4570304833040627007488.0
25.442,80.75,E2,29423326679138756984832.0
25.452,80.75,E2,7285644680500209516544.0
25.462,80.75,E2,61929106472411041103872.0
25.472,86.13,F2,35575342936817366204416.0
25.482,80.75,E2,184134288335788652363776.0
25.492,86.13,F2,132606582983042072051712.0
25.502,80.75,E2,34827861937514912677888.0
25.512,80.75,E2,7337188252932609409024.0
25.522,80.75,E2,4431298464271410659328.0
25.532,80.75,E2,10219755010370698215424.0
25.542,80.75,E2,33850802283310823243776.0
25.552,80.75,E2,9633207552499058212864.0
25.562,80.75,E2,16294706409132768886784.0
25.572,80.75,E2,8068461163914821894144.0
25.582,80.75,E2,2548270555039327584256.0
25.592,80.75,E2,14896662335897416499200.0
25.602,80.75,E2,6717553274947790438400.0
25.612,80.75,E2,16237401166741092958208.0
25.622,80.75,E2,14574751397168583540736.0
25.632,80.75,E2,35507965998486205235200.0
25.642,80.75,E2,7772518396255970263040.0
25.652,80.75,E2,9171653937008049389568.0
25.662,80.75,E2,6540637221439898910720.0
25.672,80.75,E2,6820101883225658359808.0
25.682,104.97,G#2,5335258516101246484480.0
25.692,104.97,G#2,4652148949396398538752.0
25.702,104.97,G#2,3374350283323064975360.0
25.712,80.75,E2,1860582616394004692992.0
25.722,80.75,E2,1135612737314838020096.0
25.732,80.75,E2,912872648787084967936.0
25.741,80.75,E2,3677222475276959612928.0
25.751,80.75,E2,2661057708239995011072.0
25.761,80.75,E2,5927374892261098651648.0
25.771,80.75,E2,904026241795063939072.0
25.781,80.75,E2,5918796919504490201088.0
25.791,104.97,G#2,2583323245917296394240.0
25.801,104.97,G#2,5810273466500336582656.0
25.811,104.97,G#2,3353426731893347319808.0
25.821,104.97,G#2,2417367442435265789952.0
25.831,104.97,G#2,1856755543478219571200.0
25.841,104.97,G#2,1834968358880119881728.0
25.851,104.97,G#2,3145532334609084710912.0
25.861,99.59,G2,7254367683070601986048.0
25.871,99.59,G2,1368295536848702013440.0
25.881,99.59,G2,2305750677645188661248.0
25.891,104.97,G#2,12311892194211292774400.0
25.901,104.97,G#2,19192270900753527209984.0
25.911,104.97,G#2,7303997346710337617920.0
25.921,104.97,G#2,3465297893655625859072.0
25.931,83.44,E2,12310005629273543540736.0
25.941,83.44,E2,5436244121048145985536.0
25.951,83.44,E2,6931160333577407692800.0
25.961,104.97,G#2,3807886243401486565376.0
25.971,83.44,E2,11723950199136495599616.0
25.981,104.97,G#2,10293100064518759776256.0
25.991,83.44,E2,10054998901912294653952.0
26.001,83.44,E2,5765041247307898552320.0
26.011,80.75,E2,2122773700213570797568.0
26.021,80.75,E2,2571833963782938296320.0
26.031,80.75,E2,13823283410939326496768.0
26.041,80.75,E2,22557443682696786083840.0
26.051,80.75,E2,9980909785282934472704.0
26.061,80.75,E2,2654381241732285071360.0
26.071,80.75,E2,1218372711547445706752.0
26.081,80.75,E2,3042460965329831985152.0
26.091,80.75,E2,2474101704220864937984.0
26.101,80.75,E2,3191712897188695638016.0
26.111,80.75,E2,1668542556547763142656.0
26.121,80.75,E2,1179625168150409510912.0
26.131,83.44,E2,323759820072057044992.0
26.141,83.44,E2,501504568639838683136.0
26.151,110.36,A2,888394117360258514944.0
26.161,110.36,A2,2222289976684994363392.0
26.171,113.05,A2,3985868320784451108864.0
26.180,113.05,A2,4599766459368541782016.0
26.190,113.05,A2,1675965067109866405888.0
26.200,102.28,G#2,2479584652614281723904.0
26.210,102.28,G#2,663434323755365433344.0
26.220,102.28,G#2,122985813217578450944.0
26.230,102.28,G#2,608747593066793926656.0
26.240,107.67,A2,247268334405895618560.0
26.250,107.67,A2,344705574527308791808.0
26.260,104.97,G#2,539744925387459919872.0
26.270,104.97,G#2,589396678185509650432.0
26.280,104.97,G#2,705270412958468014080.0
26.290,104.97,G#2,609734346548159447040.0
26.300,107.67,A2,388761167294126161920.0
26.310,107.67,A2,407687844268033245184.0
26.320,107.67,A2,755748102892608159744.0
26.330,107.67,A2,1923404657063361511424.0
